<?xml version="1.0" encoding="UTF-8"?><PMML version="4.2" xmlns="http://www.dmg.org/PMML-4_2" xmlns:xsi="http://www.w3.org/2001/XMLSchema-instance" xsi:schemaLocation="http://www.dmg.org/PMML-4_2 pmml-4-2.xsd">
	<Header copyright="(C) Copyright IBM Corp. 1989, 2016.">
		<Application name="IBM SPSS Statistics 24.0" version="24.0.0.0"/>
	</Header>
	<DataDictionary numberOfFields="53">
		<DataField dataType="double" displayName="Bicile_moving_InTy_Flag" name="Bicile_moving_InTy_Flag" optype="categorical">
			<Extension extender="spss.com" name="format" value="5"/>
			<Extension extender="spss.com" name="width" value="8"/>
			<Extension extender="spss.com" name="decimals" value="0"/>
			<Value displayValue="0" property="valid" value="0"/>
			<Value displayValue="1" property="valid" value="1"/>
		</DataField>
		<DataField dataType="string" displayName="type" name="type" optype="categorical">
			<Extension extender="spss.com" name="format" value="1"/>
			<Extension extender="spss.com" name="width" value="512"/>
			<Extension extender="spss.com" name="decimals" value="0"/>
			<Value displayValue="photo" property="valid" value="photo"/>
			<Value displayValue="status" property="valid" value="status"/>
		</DataField>
		<DataField dataType="string" displayName="day" name="day" optype="categorical">
			<Extension extender="spss.com" name="format" value="1"/>
			<Extension extender="spss.com" name="width" value="512"/>
			<Extension extender="spss.com" name="decimals" value="0"/>
			<Value displayValue="dim." property="valid" value="dim."/>
			<Value displayValue="jeu." property="valid" value="jeu."/>
			<Value displayValue="lun." property="valid" value="lun."/>
			<Value displayValue="mar." property="valid" value="mar."/>
			<Value displayValue="mer." property="valid" value="mer."/>
			<Value displayValue="sam." property="valid" value="sam."/>
			<Value displayValue="ven." property="valid" value="ven."/>
		</DataField>
		<DataField dataType="string" displayName="daytime" name="daytime" optype="categorical">
			<Extension extender="spss.com" name="format" value="1"/>
			<Extension extender="spss.com" name="width" value="512"/>
			<Extension extender="spss.com" name="decimals" value="0"/>
			<Value displayValue="00h-06h" property="valid" value="00h-06h"/>
			<Value displayValue="06h-12h" property="valid" value="06h-12h"/>
			<Value displayValue="12h-18h" property="valid" value="12h-18h"/>
			<Value displayValue="18h-00h" property="valid" value="18h-00h"/>
		</DataField>
		<DataField dataType="double" displayName="AttributeTexte_url" name="AttributeTexte_url" optype="categorical">
			<Extension extender="spss.com" name="format" value="5"/>
			<Extension extender="spss.com" name="width" value="8"/>
			<Extension extender="spss.com" name="decimals" value="0"/>
			<Value displayValue="0" property="valid" value="0"/>
			<Value displayValue="1" property="valid" value="1"/>
		</DataField>
		<DataField dataType="double" displayName="$F-Facteur-Image-1" name="$F-Facteur-Image-1" optype="continuous">
			<Extension extender="spss.com" name="format" value="5"/>
			<Extension extender="spss.com" name="width" value="10"/>
			<Extension extender="spss.com" name="decimals" value="3"/>
		</DataField>
		<DataField dataType="double" displayName="$F-Facteur-Image-2" name="$F-Facteur-Image-2" optype="continuous">
			<Extension extender="spss.com" name="format" value="5"/>
			<Extension extender="spss.com" name="width" value="10"/>
			<Extension extender="spss.com" name="decimals" value="3"/>
		</DataField>
		<DataField dataType="double" displayName="$F-Facteur-Image-3" name="$F-Facteur-Image-3" optype="continuous">
			<Extension extender="spss.com" name="format" value="5"/>
			<Extension extender="spss.com" name="width" value="10"/>
			<Extension extender="spss.com" name="decimals" value="3"/>
		</DataField>
		<DataField dataType="double" displayName="$F-Facteur-Image-4" name="$F-Facteur-Image-4" optype="continuous">
			<Extension extender="spss.com" name="format" value="5"/>
			<Extension extender="spss.com" name="width" value="10"/>
			<Extension extender="spss.com" name="decimals" value="3"/>
		</DataField>
		<DataField dataType="double" displayName="$F-Facteur-Image-5" name="$F-Facteur-Image-5" optype="continuous">
			<Extension extender="spss.com" name="format" value="5"/>
			<Extension extender="spss.com" name="width" value="10"/>
			<Extension extender="spss.com" name="decimals" value="3"/>
		</DataField>
		<DataField dataType="double" displayName="$F-Facteur-Image-6" name="$F-Facteur-Image-6" optype="continuous">
			<Extension extender="spss.com" name="format" value="5"/>
			<Extension extender="spss.com" name="width" value="10"/>
			<Extension extender="spss.com" name="decimals" value="3"/>
		</DataField>
		<DataField dataType="double" displayName="$F-Facteur-Image-7" name="$F-Facteur-Image-7" optype="continuous">
			<Extension extender="spss.com" name="format" value="5"/>
			<Extension extender="spss.com" name="width" value="10"/>
			<Extension extender="spss.com" name="decimals" value="3"/>
		</DataField>
		<DataField dataType="double" displayName="$F-Facteur-Image-8" name="$F-Facteur-Image-8" optype="continuous">
			<Extension extender="spss.com" name="format" value="5"/>
			<Extension extender="spss.com" name="width" value="10"/>
			<Extension extender="spss.com" name="decimals" value="3"/>
		</DataField>
		<DataField dataType="double" displayName="$F-Facteur-Image-9" name="$F-Facteur-Image-9" optype="continuous">
			<Extension extender="spss.com" name="format" value="5"/>
			<Extension extender="spss.com" name="width" value="10"/>
			<Extension extender="spss.com" name="decimals" value="3"/>
		</DataField>
		<DataField dataType="double" displayName="$F-Facteur-Image-10" name="$F-Facteur-Image-10" optype="continuous">
			<Extension extender="spss.com" name="format" value="5"/>
			<Extension extender="spss.com" name="width" value="10"/>
			<Extension extender="spss.com" name="decimals" value="3"/>
		</DataField>
		<DataField dataType="double" displayName="$F-Facteur-Image-11" name="$F-Facteur-Image-11" optype="continuous">
			<Extension extender="spss.com" name="format" value="5"/>
			<Extension extender="spss.com" name="width" value="10"/>
			<Extension extender="spss.com" name="decimals" value="3"/>
		</DataField>
		<DataField dataType="double" displayName="$F-Facteur-Image-12" name="$F-Facteur-Image-12" optype="continuous">
			<Extension extender="spss.com" name="format" value="5"/>
			<Extension extender="spss.com" name="width" value="10"/>
			<Extension extender="spss.com" name="decimals" value="3"/>
		</DataField>
		<DataField dataType="double" displayName="$F-Facteur-Image-13" name="$F-Facteur-Image-13" optype="continuous">
			<Extension extender="spss.com" name="format" value="5"/>
			<Extension extender="spss.com" name="width" value="10"/>
			<Extension extender="spss.com" name="decimals" value="3"/>
		</DataField>
		<DataField dataType="double" displayName="$F-Facteur-Image-14" name="$F-Facteur-Image-14" optype="continuous">
			<Extension extender="spss.com" name="format" value="5"/>
			<Extension extender="spss.com" name="width" value="10"/>
			<Extension extender="spss.com" name="decimals" value="3"/>
		</DataField>
		<DataField dataType="double" displayName="$F-Facteur-Image-15" name="$F-Facteur-Image-15" optype="continuous">
			<Extension extender="spss.com" name="format" value="5"/>
			<Extension extender="spss.com" name="width" value="10"/>
			<Extension extender="spss.com" name="decimals" value="3"/>
		</DataField>
		<DataField dataType="double" displayName="$F-Facteur-Image-16" name="$F-Facteur-Image-16" optype="continuous">
			<Extension extender="spss.com" name="format" value="5"/>
			<Extension extender="spss.com" name="width" value="10"/>
			<Extension extender="spss.com" name="decimals" value="3"/>
		</DataField>
		<DataField dataType="double" displayName="$F-Facteur-Image-17" name="$F-Facteur-Image-17" optype="continuous">
			<Extension extender="spss.com" name="format" value="5"/>
			<Extension extender="spss.com" name="width" value="10"/>
			<Extension extender="spss.com" name="decimals" value="3"/>
		</DataField>
		<DataField dataType="double" displayName="$F-Facteur-Image-18" name="$F-Facteur-Image-18" optype="continuous">
			<Extension extender="spss.com" name="format" value="5"/>
			<Extension extender="spss.com" name="width" value="10"/>
			<Extension extender="spss.com" name="decimals" value="3"/>
		</DataField>
		<DataField dataType="double" displayName="$F-Facteur-Image-19" name="$F-Facteur-Image-19" optype="continuous">
			<Extension extender="spss.com" name="format" value="5"/>
			<Extension extender="spss.com" name="width" value="10"/>
			<Extension extender="spss.com" name="decimals" value="3"/>
		</DataField>
		<DataField dataType="double" displayName="$F-Facteur-Image-20" name="$F-Facteur-Image-20" optype="continuous">
			<Extension extender="spss.com" name="format" value="5"/>
			<Extension extender="spss.com" name="width" value="10"/>
			<Extension extender="spss.com" name="decimals" value="3"/>
		</DataField>
		<DataField dataType="double" displayName="$F-Facteur-Texte-1" name="$F-Facteur-Texte-1" optype="continuous">
			<Extension extender="spss.com" name="format" value="5"/>
			<Extension extender="spss.com" name="width" value="10"/>
			<Extension extender="spss.com" name="decimals" value="3"/>
		</DataField>
		<DataField dataType="double" displayName="$F-Facteur-Texte-2" name="$F-Facteur-Texte-2" optype="continuous">
			<Extension extender="spss.com" name="format" value="5"/>
			<Extension extender="spss.com" name="width" value="10"/>
			<Extension extender="spss.com" name="decimals" value="3"/>
		</DataField>
		<DataField dataType="double" displayName="$F-Facteur-Texte-3" name="$F-Facteur-Texte-3" optype="continuous">
			<Extension extender="spss.com" name="format" value="5"/>
			<Extension extender="spss.com" name="width" value="10"/>
			<Extension extender="spss.com" name="decimals" value="3"/>
		</DataField>
		<DataField dataType="double" displayName="$F-Facteur-Texte-4" name="$F-Facteur-Texte-4" optype="continuous">
			<Extension extender="spss.com" name="format" value="5"/>
			<Extension extender="spss.com" name="width" value="10"/>
			<Extension extender="spss.com" name="decimals" value="3"/>
		</DataField>
		<DataField dataType="double" displayName="$F-Facteur-Texte-5" name="$F-Facteur-Texte-5" optype="continuous">
			<Extension extender="spss.com" name="format" value="5"/>
			<Extension extender="spss.com" name="width" value="10"/>
			<Extension extender="spss.com" name="decimals" value="3"/>
		</DataField>
		<DataField dataType="double" displayName="$F-Facteur-Texte-6" name="$F-Facteur-Texte-6" optype="continuous">
			<Extension extender="spss.com" name="format" value="5"/>
			<Extension extender="spss.com" name="width" value="10"/>
			<Extension extender="spss.com" name="decimals" value="3"/>
		</DataField>
		<DataField dataType="double" displayName="$F-Facteur-Texte-7" name="$F-Facteur-Texte-7" optype="continuous">
			<Extension extender="spss.com" name="format" value="5"/>
			<Extension extender="spss.com" name="width" value="10"/>
			<Extension extender="spss.com" name="decimals" value="3"/>
		</DataField>
		<DataField dataType="double" displayName="$F-Facteur-Texte-8" name="$F-Facteur-Texte-8" optype="continuous">
			<Extension extender="spss.com" name="format" value="5"/>
			<Extension extender="spss.com" name="width" value="10"/>
			<Extension extender="spss.com" name="decimals" value="3"/>
		</DataField>
		<DataField dataType="double" displayName="$F-Facteur-Texte-9" name="$F-Facteur-Texte-9" optype="continuous">
			<Extension extender="spss.com" name="format" value="5"/>
			<Extension extender="spss.com" name="width" value="10"/>
			<Extension extender="spss.com" name="decimals" value="3"/>
		</DataField>
		<DataField dataType="double" displayName="$F-Facteur-Texte-10" name="$F-Facteur-Texte-10" optype="continuous">
			<Extension extender="spss.com" name="format" value="5"/>
			<Extension extender="spss.com" name="width" value="10"/>
			<Extension extender="spss.com" name="decimals" value="3"/>
		</DataField>
		<DataField dataType="double" displayName="$F-Facteur-Texte-11" name="$F-Facteur-Texte-11" optype="continuous">
			<Extension extender="spss.com" name="format" value="5"/>
			<Extension extender="spss.com" name="width" value="10"/>
			<Extension extender="spss.com" name="decimals" value="3"/>
		</DataField>
		<DataField dataType="double" displayName="$F-Facteur-Texte-12" name="$F-Facteur-Texte-12" optype="continuous">
			<Extension extender="spss.com" name="format" value="5"/>
			<Extension extender="spss.com" name="width" value="10"/>
			<Extension extender="spss.com" name="decimals" value="3"/>
		</DataField>
		<DataField dataType="double" displayName="$F-Facteur-Texte-13" name="$F-Facteur-Texte-13" optype="continuous">
			<Extension extender="spss.com" name="format" value="5"/>
			<Extension extender="spss.com" name="width" value="10"/>
			<Extension extender="spss.com" name="decimals" value="3"/>
		</DataField>
		<DataField dataType="double" displayName="$F-Facteur-Texte-14" name="$F-Facteur-Texte-14" optype="continuous">
			<Extension extender="spss.com" name="format" value="5"/>
			<Extension extender="spss.com" name="width" value="10"/>
			<Extension extender="spss.com" name="decimals" value="3"/>
		</DataField>
		<DataField dataType="double" displayName="$F-Facteur-Texte-15" name="$F-Facteur-Texte-15" optype="continuous">
			<Extension extender="spss.com" name="format" value="5"/>
			<Extension extender="spss.com" name="width" value="10"/>
			<Extension extender="spss.com" name="decimals" value="3"/>
		</DataField>
		<DataField dataType="double" displayName="$F-Facteur-Texte-16" name="$F-Facteur-Texte-16" optype="continuous">
			<Extension extender="spss.com" name="format" value="5"/>
			<Extension extender="spss.com" name="width" value="10"/>
			<Extension extender="spss.com" name="decimals" value="3"/>
		</DataField>
		<DataField dataType="double" displayName="$F-Facteur-Texte-17" name="$F-Facteur-Texte-17" optype="continuous">
			<Extension extender="spss.com" name="format" value="5"/>
			<Extension extender="spss.com" name="width" value="10"/>
			<Extension extender="spss.com" name="decimals" value="3"/>
		</DataField>
		<DataField dataType="double" displayName="$F-Facteur-Texte-18" name="$F-Facteur-Texte-18" optype="continuous">
			<Extension extender="spss.com" name="format" value="5"/>
			<Extension extender="spss.com" name="width" value="10"/>
			<Extension extender="spss.com" name="decimals" value="3"/>
		</DataField>
		<DataField dataType="double" displayName="$F-Facteur-Texte-19" name="$F-Facteur-Texte-19" optype="continuous">
			<Extension extender="spss.com" name="format" value="5"/>
			<Extension extender="spss.com" name="width" value="10"/>
			<Extension extender="spss.com" name="decimals" value="3"/>
		</DataField>
		<DataField dataType="double" displayName="$F-Facteur-Texte-20" name="$F-Facteur-Texte-20" optype="continuous">
			<Extension extender="spss.com" name="format" value="5"/>
			<Extension extender="spss.com" name="width" value="10"/>
			<Extension extender="spss.com" name="decimals" value="3"/>
		</DataField>
		<DataField dataType="double" displayName="Pression_post-1" name="Pression_post-1" optype="continuous">
			<Extension extender="spss.com" name="format" value="5"/>
			<Extension extender="spss.com" name="width" value="10"/>
			<Extension extender="spss.com" name="decimals" value="3"/>
		</DataField>
		<DataField dataType="double" displayName="AttributeTexte_Hashtag" name="AttributeTexte_Hashtag" optype="continuous">
			<Extension extender="spss.com" name="format" value="5"/>
			<Extension extender="spss.com" name="width" value="8"/>
			<Extension extender="spss.com" name="decimals" value="0"/>
		</DataField>
		<DataField dataType="double" displayName="AttributeTexte_Exclamation" name="AttributeTexte_Exclamation" optype="continuous">
			<Extension extender="spss.com" name="format" value="5"/>
			<Extension extender="spss.com" name="width" value="8"/>
			<Extension extender="spss.com" name="decimals" value="0"/>
		</DataField>
		<DataField dataType="double" displayName="AttributeTexte_interrogation" name="AttributeTexte_interrogation" optype="continuous">
			<Extension extender="spss.com" name="format" value="5"/>
			<Extension extender="spss.com" name="width" value="8"/>
			<Extension extender="spss.com" name="decimals" value="0"/>
		</DataField>
		<DataField dataType="double" displayName="AttributeTexte_positiveFeelingSmiley" name="AttributeTexte_positiveFeelingSmiley" optype="continuous">
			<Extension extender="spss.com" name="format" value="5"/>
			<Extension extender="spss.com" name="width" value="8"/>
			<Extension extender="spss.com" name="decimals" value="0"/>
		</DataField>
		<DataField dataType="double" displayName="AttributeTexte_negativeFeelingSmiley" name="AttributeTexte_negativeFeelingSmiley" optype="continuous">
			<Extension extender="spss.com" name="format" value="5"/>
			<Extension extender="spss.com" name="width" value="8"/>
			<Extension extender="spss.com" name="decimals" value="0"/>
		</DataField>
		<DataField dataType="double" displayName="Vitesse_de_Lecture (sec)" name="Vitesse_de_Lecture (sec)" optype="continuous">
			<Extension extender="spss.com" name="format" value="5"/>
			<Extension extender="spss.com" name="width" value="10"/>
			<Extension extender="spss.com" name="decimals" value="3"/>
		</DataField>
		<DataField dataType="double" displayName="AttributeTexte_upperRatio" name="AttributeTexte_upperRatio" optype="continuous">
			<Extension extender="spss.com" name="format" value="5"/>
			<Extension extender="spss.com" name="width" value="10"/>
			<Extension extender="spss.com" name="decimals" value="3"/>
		</DataField>
	</DataDictionary>
	<GeneralRegressionModel algorithmName="multinomialLogistic" functionName="classification" modelType="multinomialLogistic" targetVariableName="Bicile_moving_InTy_Flag">
		<Extension extender="spss.com" name="numberParameters" value="64"/>
		<MiningSchema>
			<MiningField missingValueTreatment="asIs" name="Bicile_moving_InTy_Flag" usageType="predicted"/>
			<MiningField missingValueTreatment="asIs" name="type" usageType="active"/>
			<MiningField missingValueTreatment="asIs" name="day" usageType="active"/>
			<MiningField missingValueTreatment="asIs" name="daytime" usageType="active"/>
			<MiningField missingValueTreatment="asIs" name="AttributeTexte_url" usageType="active"/>
			<MiningField missingValueTreatment="asIs" name="$F-Facteur-Image-1" usageType="active"/>
			<MiningField missingValueTreatment="asIs" name="$F-Facteur-Image-2" usageType="active"/>
			<MiningField missingValueTreatment="asIs" name="$F-Facteur-Image-3" usageType="active"/>
			<MiningField missingValueTreatment="asIs" name="$F-Facteur-Image-4" usageType="active"/>
			<MiningField missingValueTreatment="asIs" name="$F-Facteur-Image-5" usageType="active"/>
			<MiningField missingValueTreatment="asIs" name="$F-Facteur-Image-6" usageType="active"/>
			<MiningField missingValueTreatment="asIs" name="$F-Facteur-Image-7" usageType="active"/>
			<MiningField missingValueTreatment="asIs" name="$F-Facteur-Image-8" usageType="active"/>
			<MiningField missingValueTreatment="asIs" name="$F-Facteur-Image-9" usageType="active"/>
			<MiningField missingValueTreatment="asIs" name="$F-Facteur-Image-10" usageType="active"/>
			<MiningField missingValueTreatment="asIs" name="$F-Facteur-Image-11" usageType="active"/>
			<MiningField missingValueTreatment="asIs" name="$F-Facteur-Image-12" usageType="active"/>
			<MiningField missingValueTreatment="asIs" name="$F-Facteur-Image-13" usageType="active"/>
			<MiningField missingValueTreatment="asIs" name="$F-Facteur-Image-14" usageType="active"/>
			<MiningField missingValueTreatment="asIs" name="$F-Facteur-Image-15" usageType="active"/>
			<MiningField missingValueTreatment="asIs" name="$F-Facteur-Image-16" usageType="active"/>
			<MiningField missingValueTreatment="asIs" name="$F-Facteur-Image-17" usageType="active"/>
			<MiningField missingValueTreatment="asIs" name="$F-Facteur-Image-18" usageType="active"/>
			<MiningField missingValueTreatment="asIs" name="$F-Facteur-Image-19" usageType="active"/>
			<MiningField missingValueTreatment="asIs" name="$F-Facteur-Image-20" usageType="active"/>
			<MiningField missingValueTreatment="asIs" name="$F-Facteur-Texte-1" usageType="active"/>
			<MiningField missingValueTreatment="asIs" name="$F-Facteur-Texte-2" usageType="active"/>
			<MiningField missingValueTreatment="asIs" name="$F-Facteur-Texte-3" usageType="active"/>
			<MiningField missingValueTreatment="asIs" name="$F-Facteur-Texte-4" usageType="active"/>
			<MiningField missingValueTreatment="asIs" name="$F-Facteur-Texte-5" usageType="active"/>
			<MiningField missingValueTreatment="asIs" name="$F-Facteur-Texte-6" usageType="active"/>
			<MiningField missingValueTreatment="asIs" name="$F-Facteur-Texte-7" usageType="active"/>
			<MiningField missingValueTreatment="asIs" name="$F-Facteur-Texte-8" usageType="active"/>
			<MiningField missingValueTreatment="asIs" name="$F-Facteur-Texte-9" usageType="active"/>
			<MiningField missingValueTreatment="asIs" name="$F-Facteur-Texte-10" usageType="active"/>
			<MiningField missingValueTreatment="asIs" name="$F-Facteur-Texte-11" usageType="active"/>
			<MiningField missingValueTreatment="asIs" name="$F-Facteur-Texte-12" usageType="active"/>
			<MiningField missingValueTreatment="asIs" name="$F-Facteur-Texte-13" usageType="active"/>
			<MiningField missingValueTreatment="asIs" name="$F-Facteur-Texte-14" usageType="active"/>
			<MiningField missingValueTreatment="asIs" name="$F-Facteur-Texte-15" usageType="active"/>
			<MiningField missingValueTreatment="asIs" name="$F-Facteur-Texte-16" usageType="active"/>
			<MiningField missingValueTreatment="asIs" name="$F-Facteur-Texte-17" usageType="active"/>
			<MiningField missingValueTreatment="asIs" name="$F-Facteur-Texte-18" usageType="active"/>
			<MiningField missingValueTreatment="asIs" name="$F-Facteur-Texte-19" usageType="active"/>
			<MiningField missingValueTreatment="asIs" name="$F-Facteur-Texte-20" usageType="active"/>
			<MiningField missingValueTreatment="asIs" name="Pression_post-1" usageType="active"/>
			<MiningField missingValueTreatment="asIs" name="AttributeTexte_Hashtag" usageType="active"/>
			<MiningField missingValueTreatment="asIs" name="AttributeTexte_Exclamation" usageType="active"/>
			<MiningField missingValueTreatment="asIs" name="AttributeTexte_interrogation" usageType="active"/>
			<MiningField missingValueTreatment="asIs" name="AttributeTexte_positiveFeelingSmiley" usageType="active"/>
			<MiningField missingValueTreatment="asIs" name="AttributeTexte_negativeFeelingSmiley" usageType="active"/>
			<MiningField missingValueTreatment="asIs" name="Vitesse_de_Lecture (sec)" usageType="active"/>
			<MiningField missingValueTreatment="asIs" name="AttributeTexte_upperRatio" usageType="active"/>
		</MiningSchema>
		<ParameterList>
			<Parameter label="Constante" name="P0000001"/>
			<Parameter label="$F-Facteur-Image-1" name="P0000002"/>
			<Parameter label="$F-Facteur-Image-2" name="P0000003"/>
			<Parameter label="$F-Facteur-Image-3" name="P0000004"/>
			<Parameter label="$F-Facteur-Image-4" name="P0000005"/>
			<Parameter label="$F-Facteur-Image-5" name="P0000006"/>
			<Parameter label="$F-Facteur-Image-6" name="P0000007"/>
			<Parameter label="$F-Facteur-Image-7" name="P0000008"/>
			<Parameter label="$F-Facteur-Image-8" name="P0000009"/>
			<Parameter label="$F-Facteur-Image-9" name="P0000010"/>
			<Parameter label="$F-Facteur-Image-10" name="P0000011"/>
			<Parameter label="$F-Facteur-Image-11" name="P0000012"/>
			<Parameter label="$F-Facteur-Image-12" name="P0000013"/>
			<Parameter label="$F-Facteur-Image-13" name="P0000014"/>
			<Parameter label="$F-Facteur-Image-14" name="P0000015"/>
			<Parameter label="$F-Facteur-Image-15" name="P0000016"/>
			<Parameter label="$F-Facteur-Image-16" name="P0000017"/>
			<Parameter label="$F-Facteur-Image-17" name="P0000018"/>
			<Parameter label="$F-Facteur-Image-18" name="P0000019"/>
			<Parameter label="$F-Facteur-Image-19" name="P0000020"/>
			<Parameter label="$F-Facteur-Image-20" name="P0000021"/>
			<Parameter label="$F-Facteur-Texte-1" name="P0000022"/>
			<Parameter label="$F-Facteur-Texte-2" name="P0000023"/>
			<Parameter label="$F-Facteur-Texte-3" name="P0000024"/>
			<Parameter label="$F-Facteur-Texte-4" name="P0000025"/>
			<Parameter label="$F-Facteur-Texte-5" name="P0000026"/>
			<Parameter label="$F-Facteur-Texte-6" name="P0000027"/>
			<Parameter label="$F-Facteur-Texte-7" name="P0000028"/>
			<Parameter label="$F-Facteur-Texte-8" name="P0000029"/>
			<Parameter label="$F-Facteur-Texte-9" name="P0000030"/>
			<Parameter label="$F-Facteur-Texte-10" name="P0000031"/>
			<Parameter label="$F-Facteur-Texte-11" name="P0000032"/>
			<Parameter label="$F-Facteur-Texte-12" name="P0000033"/>
			<Parameter label="$F-Facteur-Texte-13" name="P0000034"/>
			<Parameter label="$F-Facteur-Texte-14" name="P0000035"/>
			<Parameter label="$F-Facteur-Texte-15" name="P0000036"/>
			<Parameter label="$F-Facteur-Texte-16" name="P0000037"/>
			<Parameter label="$F-Facteur-Texte-17" name="P0000038"/>
			<Parameter label="$F-Facteur-Texte-18" name="P0000039"/>
			<Parameter label="$F-Facteur-Texte-19" name="P0000040"/>
			<Parameter label="$F-Facteur-Texte-20" name="P0000041"/>
			<Parameter label="Pression_post-1" name="P0000042"/>
			<Parameter label="AttributeTexte_Hashtag" name="P0000043"/>
			<Parameter label="AttributeTexte_Exclamation" name="P0000044"/>
			<Parameter label="AttributeTexte_interrogation" name="P0000045"/>
			<Parameter label="AttributeTexte_positiveFeelingSmiley" name="P0000046"/>
			<Parameter label="AttributeTexte_negativeFeelingSmiley" name="P0000047"/>
			<Parameter label="Vitesse_de_Lecture (sec)" name="P0000048"/>
			<Parameter label="AttributeTexte_upperRatio" name="P0000049"/>
			<Parameter label="[type=photo]" name="P0000050"/>
			<Parameter label="[type=status]" name="P0000051"/>
			<Parameter label="[day=dim.]" name="P0000052"/>
			<Parameter label="[day=jeu.]" name="P0000053"/>
			<Parameter label="[day=lun.]" name="P0000054"/>
			<Parameter label="[day=mar.]" name="P0000055"/>
			<Parameter label="[day=mer.]" name="P0000056"/>
			<Parameter label="[day=sam.]" name="P0000057"/>
			<Parameter label="[day=ven.]" name="P0000058"/>
			<Parameter label="[daytime=00h-06h]" name="P0000059"/>
			<Parameter label="[daytime=06h-12h]" name="P0000060"/>
			<Parameter label="[daytime=12h-18h]" name="P0000061"/>
			<Parameter label="[daytime=18h-00h]" name="P0000062"/>
			<Parameter label="[AttributeTexte_url=0]" name="P0000063"/>
			<Parameter label="[AttributeTexte_url=1]" name="P0000064"/>
		</ParameterList>
		<FactorList>
			<Predictor name="type"/>
			<Predictor name="day"/>
			<Predictor name="daytime"/>
			<Predictor name="AttributeTexte_url"/>
		</FactorList>
		<CovariateList>
			<Predictor name="$F-Facteur-Image-1"/>
			<Predictor name="$F-Facteur-Image-2"/>
			<Predictor name="$F-Facteur-Image-3"/>
			<Predictor name="$F-Facteur-Image-4"/>
			<Predictor name="$F-Facteur-Image-5"/>
			<Predictor name="$F-Facteur-Image-6"/>
			<Predictor name="$F-Facteur-Image-7"/>
			<Predictor name="$F-Facteur-Image-8"/>
			<Predictor name="$F-Facteur-Image-9"/>
			<Predictor name="$F-Facteur-Image-10"/>
			<Predictor name="$F-Facteur-Image-11"/>
			<Predictor name="$F-Facteur-Image-12"/>
			<Predictor name="$F-Facteur-Image-13"/>
			<Predictor name="$F-Facteur-Image-14"/>
			<Predictor name="$F-Facteur-Image-15"/>
			<Predictor name="$F-Facteur-Image-16"/>
			<Predictor name="$F-Facteur-Image-17"/>
			<Predictor name="$F-Facteur-Image-18"/>
			<Predictor name="$F-Facteur-Image-19"/>
			<Predictor name="$F-Facteur-Image-20"/>
			<Predictor name="$F-Facteur-Texte-1"/>
			<Predictor name="$F-Facteur-Texte-2"/>
			<Predictor name="$F-Facteur-Texte-3"/>
			<Predictor name="$F-Facteur-Texte-4"/>
			<Predictor name="$F-Facteur-Texte-5"/>
			<Predictor name="$F-Facteur-Texte-6"/>
			<Predictor name="$F-Facteur-Texte-7"/>
			<Predictor name="$F-Facteur-Texte-8"/>
			<Predictor name="$F-Facteur-Texte-9"/>
			<Predictor name="$F-Facteur-Texte-10"/>
			<Predictor name="$F-Facteur-Texte-11"/>
			<Predictor name="$F-Facteur-Texte-12"/>
			<Predictor name="$F-Facteur-Texte-13"/>
			<Predictor name="$F-Facteur-Texte-14"/>
			<Predictor name="$F-Facteur-Texte-15"/>
			<Predictor name="$F-Facteur-Texte-16"/>
			<Predictor name="$F-Facteur-Texte-17"/>
			<Predictor name="$F-Facteur-Texte-18"/>
			<Predictor name="$F-Facteur-Texte-19"/>
			<Predictor name="$F-Facteur-Texte-20"/>
			<Predictor name="Pression_post-1"/>
			<Predictor name="AttributeTexte_Hashtag"/>
			<Predictor name="AttributeTexte_Exclamation"/>
			<Predictor name="AttributeTexte_interrogation"/>
			<Predictor name="AttributeTexte_positiveFeelingSmiley"/>
			<Predictor name="AttributeTexte_negativeFeelingSmiley"/>
			<Predictor name="Vitesse_de_Lecture (sec)"/>
			<Predictor name="AttributeTexte_upperRatio"/>
		</CovariateList>
		<PPMatrix>
			<PPCell parameterName="P0000002" predictorName="$F-Facteur-Image-1" value="1"/>
			<PPCell parameterName="P0000003" predictorName="$F-Facteur-Image-2" value="1"/>
			<PPCell parameterName="P0000004" predictorName="$F-Facteur-Image-3" value="1"/>
			<PPCell parameterName="P0000005" predictorName="$F-Facteur-Image-4" value="1"/>
			<PPCell parameterName="P0000006" predictorName="$F-Facteur-Image-5" value="1"/>
			<PPCell parameterName="P0000007" predictorName="$F-Facteur-Image-6" value="1"/>
			<PPCell parameterName="P0000008" predictorName="$F-Facteur-Image-7" value="1"/>
			<PPCell parameterName="P0000009" predictorName="$F-Facteur-Image-8" value="1"/>
			<PPCell parameterName="P0000010" predictorName="$F-Facteur-Image-9" value="1"/>
			<PPCell parameterName="P0000011" predictorName="$F-Facteur-Image-10" value="1"/>
			<PPCell parameterName="P0000012" predictorName="$F-Facteur-Image-11" value="1"/>
			<PPCell parameterName="P0000013" predictorName="$F-Facteur-Image-12" value="1"/>
			<PPCell parameterName="P0000014" predictorName="$F-Facteur-Image-13" value="1"/>
			<PPCell parameterName="P0000015" predictorName="$F-Facteur-Image-14" value="1"/>
			<PPCell parameterName="P0000016" predictorName="$F-Facteur-Image-15" value="1"/>
			<PPCell parameterName="P0000017" predictorName="$F-Facteur-Image-16" value="1"/>
			<PPCell parameterName="P0000018" predictorName="$F-Facteur-Image-17" value="1"/>
			<PPCell parameterName="P0000019" predictorName="$F-Facteur-Image-18" value="1"/>
			<PPCell parameterName="P0000020" predictorName="$F-Facteur-Image-19" value="1"/>
			<PPCell parameterName="P0000021" predictorName="$F-Facteur-Image-20" value="1"/>
			<PPCell parameterName="P0000022" predictorName="$F-Facteur-Texte-1" value="1"/>
			<PPCell parameterName="P0000023" predictorName="$F-Facteur-Texte-2" value="1"/>
			<PPCell parameterName="P0000024" predictorName="$F-Facteur-Texte-3" value="1"/>
			<PPCell parameterName="P0000025" predictorName="$F-Facteur-Texte-4" value="1"/>
			<PPCell parameterName="P0000026" predictorName="$F-Facteur-Texte-5" value="1"/>
			<PPCell parameterName="P0000027" predictorName="$F-Facteur-Texte-6" value="1"/>
			<PPCell parameterName="P0000028" predictorName="$F-Facteur-Texte-7" value="1"/>
			<PPCell parameterName="P0000029" predictorName="$F-Facteur-Texte-8" value="1"/>
			<PPCell parameterName="P0000030" predictorName="$F-Facteur-Texte-9" value="1"/>
			<PPCell parameterName="P0000031" predictorName="$F-Facteur-Texte-10" value="1"/>
			<PPCell parameterName="P0000032" predictorName="$F-Facteur-Texte-11" value="1"/>
			<PPCell parameterName="P0000033" predictorName="$F-Facteur-Texte-12" value="1"/>
			<PPCell parameterName="P0000034" predictorName="$F-Facteur-Texte-13" value="1"/>
			<PPCell parameterName="P0000035" predictorName="$F-Facteur-Texte-14" value="1"/>
			<PPCell parameterName="P0000036" predictorName="$F-Facteur-Texte-15" value="1"/>
			<PPCell parameterName="P0000037" predictorName="$F-Facteur-Texte-16" value="1"/>
			<PPCell parameterName="P0000038" predictorName="$F-Facteur-Texte-17" value="1"/>
			<PPCell parameterName="P0000039" predictorName="$F-Facteur-Texte-18" value="1"/>
			<PPCell parameterName="P0000040" predictorName="$F-Facteur-Texte-19" value="1"/>
			<PPCell parameterName="P0000041" predictorName="$F-Facteur-Texte-20" value="1"/>
			<PPCell parameterName="P0000042" predictorName="Pression_post-1" value="1"/>
			<PPCell parameterName="P0000043" predictorName="AttributeTexte_Hashtag" value="1"/>
			<PPCell parameterName="P0000044" predictorName="AttributeTexte_Exclamation" value="1"/>
			<PPCell parameterName="P0000045" predictorName="AttributeTexte_interrogation" value="1"/>
			<PPCell parameterName="P0000046" predictorName="AttributeTexte_positiveFeelingSmiley" value="1"/>
			<PPCell parameterName="P0000047" predictorName="AttributeTexte_negativeFeelingSmiley" value="1"/>
			<PPCell parameterName="P0000048" predictorName="Vitesse_de_Lecture (sec)" value="1"/>
			<PPCell parameterName="P0000049" predictorName="AttributeTexte_upperRatio" value="1"/>
			<PPCell parameterName="P0000050" predictorName="type" value="photo"/>
			<PPCell parameterName="P0000051" predictorName="type" value="status"/>
			<PPCell parameterName="P0000052" predictorName="day" value="dim."/>
			<PPCell parameterName="P0000053" predictorName="day" value="jeu."/>
			<PPCell parameterName="P0000054" predictorName="day" value="lun."/>
			<PPCell parameterName="P0000055" predictorName="day" value="mar."/>
			<PPCell parameterName="P0000056" predictorName="day" value="mer."/>
			<PPCell parameterName="P0000057" predictorName="day" value="sam."/>
			<PPCell parameterName="P0000058" predictorName="day" value="ven."/>
			<PPCell parameterName="P0000059" predictorName="daytime" value="00h-06h"/>
			<PPCell parameterName="P0000060" predictorName="daytime" value="06h-12h"/>
			<PPCell parameterName="P0000061" predictorName="daytime" value="12h-18h"/>
			<PPCell parameterName="P0000062" predictorName="daytime" value="18h-00h"/>
			<PPCell parameterName="P0000063" predictorName="AttributeTexte_url" value="0"/>
			<PPCell parameterName="P0000064" predictorName="AttributeTexte_url" value="1"/>
		</PPMatrix>
		<ParamMatrix>
			<PCell beta="-3.06358031481507" df="1" parameterName="P0000001" targetCategory="1"/>
			<PCell beta="-0.0530349885853293" df="1" parameterName="P0000002" targetCategory="1"/>
			<PCell beta="0.161512977596808" df="1" parameterName="P0000003" targetCategory="1"/>
			<PCell beta="0.0732723035089924" df="1" parameterName="P0000004" targetCategory="1"/>
			<PCell beta="-0.32362065912142" df="1" parameterName="P0000005" targetCategory="1"/>
			<PCell beta="-0.0914409895072168" df="1" parameterName="P0000006" targetCategory="1"/>
			<PCell beta="0.156116999711494" df="1" parameterName="P0000007" targetCategory="1"/>
			<PCell beta="0.275475328015745" df="1" parameterName="P0000008" targetCategory="1"/>
			<PCell beta="0.00783367451748878" df="1" parameterName="P0000009" targetCategory="1"/>
			<PCell beta="-0.109444168586334" df="1" parameterName="P0000010" targetCategory="1"/>
			<PCell beta="-0.0188341714360893" df="1" parameterName="P0000011" targetCategory="1"/>
			<PCell beta="-0.0896315150004419" df="1" parameterName="P0000012" targetCategory="1"/>
			<PCell beta="0.121649118806996" df="1" parameterName="P0000013" targetCategory="1"/>
			<PCell beta="0.0410097416702146" df="1" parameterName="P0000014" targetCategory="1"/>
			<PCell beta="0.0112180723368082" df="1" parameterName="P0000015" targetCategory="1"/>
			<PCell beta="0.041242531261139" df="1" parameterName="P0000016" targetCategory="1"/>
			<PCell beta="0.0676073638806212" df="1" parameterName="P0000017" targetCategory="1"/>
			<PCell beta="-0.119541914216661" df="1" parameterName="P0000018" targetCategory="1"/>
			<PCell beta="-0.120835142040812" df="1" parameterName="P0000019" targetCategory="1"/>
			<PCell beta="-0.0868215946944523" df="1" parameterName="P0000020" targetCategory="1"/>
			<PCell beta="-0.137260977961557" df="1" parameterName="P0000021" targetCategory="1"/>
			<PCell beta="-0.112775182910413" df="1" parameterName="P0000022" targetCategory="1"/>
			<PCell beta="-0.282181864314196" df="1" parameterName="P0000023" targetCategory="1"/>
			<PCell beta="0.620138560474271" df="1" parameterName="P0000024" targetCategory="1"/>
			<PCell beta="1.19504165241003" df="1" parameterName="P0000025" targetCategory="1"/>
			<PCell beta="-0.629082212486443" df="1" parameterName="P0000026" targetCategory="1"/>
			<PCell beta="0.74453640612864" df="1" parameterName="P0000027" targetCategory="1"/>
			<PCell beta="0.771943939348879" df="1" parameterName="P0000028" targetCategory="1"/>
			<PCell beta="-0.792682651456493" df="1" parameterName="P0000029" targetCategory="1"/>
			<PCell beta="-0.00500003267879214" df="1" parameterName="P0000030" targetCategory="1"/>
			<PCell beta="-0.354027392990272" df="1" parameterName="P0000031" targetCategory="1"/>
			<PCell beta="0.190193211004016" df="1" parameterName="P0000032" targetCategory="1"/>
			<PCell beta="0.0615657563333218" df="1" parameterName="P0000033" targetCategory="1"/>
			<PCell beta="-0.7494643381649" df="1" parameterName="P0000034" targetCategory="1"/>
			<PCell beta="0.177750179135132" df="1" parameterName="P0000035" targetCategory="1"/>
			<PCell beta="-0.424678389508078" df="1" parameterName="P0000036" targetCategory="1"/>
			<PCell beta="0.470901777151937" df="1" parameterName="P0000037" targetCategory="1"/>
			<PCell beta="0.144175872411754" df="1" parameterName="P0000038" targetCategory="1"/>
			<PCell beta="0.0277516601306549" df="1" parameterName="P0000039" targetCategory="1"/>
			<PCell beta="0.570674046738625" df="1" parameterName="P0000040" targetCategory="1"/>
			<PCell beta="-0.59029634029088" df="1" parameterName="P0000041" targetCategory="1"/>
			<PCell beta="0.00113804231072381" df="1" parameterName="P0000042" targetCategory="1"/>
			<PCell beta="0.0130118213116603" df="1" parameterName="P0000043" targetCategory="1"/>
			<PCell beta="0.0156358443192611" df="1" parameterName="P0000044" targetCategory="1"/>
			<PCell beta="0.0864215384313685" df="1" parameterName="P0000045" targetCategory="1"/>
			<PCell beta="0.254539649050744" df="1" parameterName="P0000046" targetCategory="1"/>
			<PCell beta="0" df="0" parameterName="P0000047" targetCategory="1"/>
			<PCell beta="0.0148629019094801" df="1" parameterName="P0000048" targetCategory="1"/>
			<PCell beta="-1.54839780106649" df="1" parameterName="P0000049" targetCategory="1"/>
			<PCell beta="3.21620473549047" df="1" parameterName="P0000050" targetCategory="1"/>
			<PCell beta="0" df="0" parameterName="P0000051" targetCategory="1"/>
			<PCell beta="-0.666271181828007" df="1" parameterName="P0000052" targetCategory="1"/>
			<PCell beta="-0.156909409971881" df="1" parameterName="P0000053" targetCategory="1"/>
			<PCell beta="-0.658550090503333" df="1" parameterName="P0000054" targetCategory="1"/>
			<PCell beta="0.250591932327784" df="1" parameterName="P0000055" targetCategory="1"/>
			<PCell beta="-0.156692868950272" df="1" parameterName="P0000056" targetCategory="1"/>
			<PCell beta="-0.706374867195535" df="1" parameterName="P0000057" targetCategory="1"/>
			<PCell beta="0" df="0" parameterName="P0000058" targetCategory="1"/>
			<PCell beta="-1.6490565869261" df="1" parameterName="P0000059" targetCategory="1"/>
			<PCell beta="-0.110730679254756" df="1" parameterName="P0000060" targetCategory="1"/>
			<PCell beta="-0.222555500623154" df="1" parameterName="P0000061" targetCategory="1"/>
			<PCell beta="0" df="0" parameterName="P0000062" targetCategory="1"/>
			<PCell beta="0.297302133354092" df="1" parameterName="P0000063" targetCategory="1"/>
			<PCell beta="0" df="0" parameterName="P0000064" targetCategory="1"/>
		</ParamMatrix>
	</GeneralRegressionModel>
</PMML>