"from_id";"from_name";"message";"created_time";"type";"link";"picture";"id";"likes_count";"comments_count";"shares_count";"story"
118838248177901;"L'Oréal Paris";"Exclusive Valentines’ Day Offer! Get 3 lipsticks at the price of 2 from the limited edition #LOrealParisXBalmain Collection in a designer gift box! Shop Now - http://bit.ly/2Cko5cc";"2018-02-13T08:35:53+0000";"video";"https://www.facebook.com/lorealparisindia/videos/1701233563271687/";NA;"118838248177901_1701233563271687";168;7;18;NA
118838248177901;"L'Oréal Paris";"It's time to flaunt hair that's fashion-forward! Introducing New Excellence Fashion Highlights - salon-like highlights at home, for just INR 350.";"2018-02-06T14:15:02+0000";"photo";"https://www.facebook.com/lorealparisindia/photos/a.145773232151069.27999.118838248177901/1694488807279496/?type=3";"https://scontent.xx.fbcdn.net/v/t31.0-8/27709660_1694488807279496_4828962539600637817_o.png?oh=c98ea51fdd06cf75bdea5578d5b97ac4&oe=5B00661D";"118838248177901_1694489930612717";343;2;29;NA
118838248177901;"L'Oréal Paris";"Introducing 12 designer matte shades from the #LorealParisXBalmain Limited Edition Collection. Here's presenting four bold shades from Tribe Rock!";"2018-02-04T05:30:00+0000";"video";"https://www.facebook.com/lorealparisindia/videos/1690280471033663/";NA;"118838248177901_1690280471033663";143;2;19;NA
118838248177901;"L'Oréal Paris";"Introducing 12 designer matte shades from the #LorealParisXBalmain Limited Edition Collection. Here's presenting four nature-inspired shades from Tribe Safari!";"2018-02-03T05:30:01+0000";"video";"https://www.facebook.com/lorealparisindia/videos/1690283821033328/";NA;"118838248177901_1690283821033328";141;1;19;NA
118838248177901;"L'Oréal Paris";"A glamorous match at its best! Guess who's bringing the next big trend to town?";"2018-02-03T05:29:38+0000";"photo";"https://www.facebook.com/lorealparisindia/photos/a.145773232151069.27999.118838248177901/1691044424290601/?type=3";"https://scontent.xx.fbcdn.net/v/t31.0-8/27500214_1691044424290601_2398673378115884872_o.jpg?oh=74a95fbe9b9509a2094538b42d358def&oe=5B021314";"118838248177901_1691044600957250";191;3;7;"L'Oréal Paris is with Huzaif Ansari."
118838248177901;"L'Oréal Paris";"Introducing 12 designer matte shades from the #LorealParisXBalmain Limited Edition Collection. Here's presenting four glamorous shades from Tribe Couture!";"2018-02-02T11:44:20+0000";"video";"https://www.facebook.com/lorealparisindia/videos/1690276297700747/";NA;"118838248177901_1690276297700747";178;8;22;NA
118838248177901;"L'Oréal Paris";"3 tribes. 12 Designer Matte Shades for every woman.  #LorealParisXBalmain limited edition lipsticks are finally here!";"2018-01-19T15:42:43+0000";"video";"https://www.facebook.com/lorealparisindia/videos/1675970725797971/";NA;"118838248177901_1675970725797971";4383;44;130;NA
118838248177901;"L'Oréal Paris";NA;"2018-01-19T12:27:06+0000";"video";"https://www.facebook.com/lorealparisindia/videos/1675770249151352/";NA;"118838248177901_1675770249151352";38;1;9;"L'Oréal Paris added a cover video."
118838248177901;"L'Oréal Paris";"Beauty meets high fashion. #LorealParisXBalmain. An exclusive collaboration coming soon.";"2018-01-16T14:51:11+0000";"video";"https://www.facebook.com/lorealparisindia/videos/1672918136103230/";NA;"118838248177901_1672918136103230";5810;52;213;NA
118838248177901;"L'Oréal Paris";"Presenting the new Extraordinary Clay Haircare Range by L'Oréal Paris that gives you non-stop fresh hair even on Day 3! Now available online exclusively on Amazon.  Shop now at: goo.gl/46JVVE  #PlayWithClay";"2017-09-29T13:01:26+0000";"video";"https://www.facebook.com/lorealparisindia/videos/1567308516664193/";NA;"118838248177901_1567308516664193";389;25;61;NA
118838248177901;"L'Oréal Paris";NA;"2017-09-29T09:53:12+0000";"photo";"https://www.facebook.com/lorealparisindia/photos/a.323477557713968.73531.118838248177901/1567196306675414/?type=3";"https://scontent.xx.fbcdn.net/v/t1.0-9/22008464_1567196306675414_8264331318265017052_n.png?oh=2adccfda7eea6e9c1b394d3d08afe0ff&oe=5B35B227";"118838248177901_1567196353342076";487;19;12;"L'Oréal Paris updated their cover photo."
118838248177901;"L'Oréal Paris";"All Deepika wants to do is #PlayWithClay. Any guesses on why clay is her new obsession?";"2017-09-26T07:22:39+0000";"video";"https://www.facebook.com/lorealparisindia/videos/1564722903589421/";NA;"118838248177901_1564722903589421";7193;137;153;NA
118838248177901;"L'Oréal Paris";"Spray your greys away, in just 3 SECONDS! Introducing New Magic Retouch. Greys, #GoneIn3Seconds";"2017-09-20T07:44:37+0000";"link";"https://ad.doubleclick.net/ddm/trackclk/N1405.270751FACEBOOK/B20051461.204893014;dc_trk_aid=404745522;dc_trk_cid=90480435;dc_lat=;dc_rdid=;tag_for_child_directed_treatment=";NA;"118838248177901_1559486860779692";2607;48;58;NA
118838248177901;"L'Oréal Paris";NA;"2017-08-10T13:58:47+0000";"video";"https://www.facebook.com/lorealparisindia/videos/1522747297786982/";NA;"118838248177901_1522747297786982";318;13;25;NA
118838248177901;"L'Oréal Paris";"This #WorldLipstickDay buy any L'Oréal Paris Lipstick on Jabong & get a Kajal Magique free! Shop now - http://bit.ly/2v4faMh";"2017-07-29T05:30:00+0000";"photo";"https://www.facebook.com/lorealparisindia/photos/a.145773232151069.27999.118838248177901/1510876215640757/?type=3";"https://scontent.xx.fbcdn.net/v/t1.0-9/20374300_1510876215640757_790990037651542972_n.png?oh=ecc7bd3d027d2b16c5ce73d892dfa967&oe=5B395FCF";"118838248177901_1510876215640757";1414;21;42;"L'Oréal Paris is with Sona Khan and 2 others."
118838248177901;"L'Oréal Paris";"Celebrate #WorldLipstickDay with L'Oréal Paris and you could stand a chance to win the lipstick you love!  All you have to do is dedicate your favorite L'Oréal Lipstick to a special woman in your life and tag her in the comments section below. #ContestAlert #ParticipateAndWin";"2017-07-29T04:15:00+0000";"video";"https://www.facebook.com/lorealparisindia/videos/1510828855645493/";NA;"118838248177901_1510828855645493";7830;604;241;NA
118838248177901;"L'Oréal Paris";"Celebrate #WorldLipstickDay with L'Oréal Paris and stand a chance to win exciting prizes! Stay tuned to know more.";"2017-07-28T14:05:49+0000";"video";"https://www.facebook.com/lorealparisindia/videos/1510817712313274/";NA;"118838248177901_1510817712313274";488;34;27;NA
118838248177901;"L'Oréal Paris";"And the Winner is... Shonali Bangia - Congratulations! <f0> from Loreal Paris India for #AmazonMakeMyDay with #MyLorealParis. Please Inbox your contact details and we'll get in touch with you for your Prize. <f0>";"2017-07-26T08:01:33+0000";"status";NA;NA;"118838248177901_1508629732532072";102;5;1;NA
118838248177901;"L'Oréal Paris";"Make the most of #AmazonMakeMyDay with #LorealParisIndia. Get flat 25% off on L'Oreal Paris makeup from 8pm-11pm.  Shop now : amzn.to/2uF0wdQ";"2017-07-20T12:21:30+0000";"photo";"https://www.facebook.com/lorealparisindia/photos/a.145773232151069.27999.118838248177901/1502801736448205/?type=3";"https://scontent.xx.fbcdn.net/v/t1.0-9/20108482_1502801736448205_3724130819602529520_n.png?oh=37c032737bb7b3a0d12bcd4db9cc17bb&oe=5B34C081";"118838248177901_1502801736448205";468;10;24;"L'Oréal Paris is with Dear Crush. I'm Still Waiting and Amazon India."
118838248177901;"L'Oréal Paris";"It's giveaway time! All you have to do is answer the question and you could be the lucky ones to win Amazon vouchers worth Rs.1000. Comment using #MyLOrealParis with your favorite product name.";"2017-07-20T09:52:42+0000";"photo";"https://www.facebook.com/lorealparisindia/photos/a.145773232151069.27999.118838248177901/1502694643125581/?type=3";"https://scontent.xx.fbcdn.net/v/t1.0-9/20228241_1502694643125581_1798524856855385969_n.png?oh=b3c2084cfdaecc388029ae6756044b27&oe=5B3594BE";"118838248177901_1502694643125581";523;169;96;"L'Oréal Paris is with Amazon India and 2 others."
118838248177901;"L'Oréal Paris";"#amazonMakeMyDay with #LorealParisIndia is here!! Start shopping for your favourite L'Oréal Paris makeup here :  http://amzn.to/2uF0wdQ";"2017-07-20T07:52:05+0000";"photo";"https://www.facebook.com/lorealparisindia/photos/a.145773232151069.27999.118838248177901/1502600633134982/?type=3";"https://scontent.xx.fbcdn.net/v/t1.0-9/20155605_1502600633134982_1907773418036472800_n.png?oh=4110b87390202645839a798bc9cfcaa4&oe=5B34236C";"118838248177901_1502600633134982";393;5;12;"L'Oréal Paris is with Amazon India and Arun Trivedi."
118838248177901;"L'Oréal Paris";"Catching up with your BFF, painting your nails, sipping on a smoothie or chilling in your own way? Tell us what you do while you #InstaDetox with L'Oréal Paris Pure Clay Mask and wait for your mask to dry. Exciting prizes to be won!";"2017-07-17T13:41:08+0000";"photo";"https://www.facebook.com/lorealparisindia/photos/a.145773232151069.27999.118838248177901/1499857836742595/?type=3";"https://scontent.xx.fbcdn.net/v/t1.0-9/20031697_1499857836742595_986283756726815494_n.png?oh=f179a23f06c06a7ed7e4470db72fe77d&oe=5B3D50D7";"118838248177901_1499858076742571";5377;141;67;NA
118838248177901;"L'Oréal Paris";"Get Sonam's La Pallete Gold Today!";"2017-06-30T14:23:47+0000";"link";"http://bit.ly/2u6KRBn";NA;"118838248177901_1482347091827003";683;6;9;NA
118838248177901;"L'Oréal Paris";"Get Deepika's Moist Matte Wine Marsala today!";"2017-06-30T14:19:50+0000";"link";"http://bit.ly/2u6APQx";NA;"118838248177901_1482343645160681";1043;16;17;NA
118838248177901;"L'Oréal Paris";"Get Aishwarya's Rouge Magique Divine Mocha today!";"2017-06-30T14:13:52+0000";"link";"http://bit.ly/2txvFjx";NA;"118838248177901_1482338225161223";1133;12;14;NA
118838248177901;"L'Oréal Paris";NA;"2017-06-23T09:06:56+0000";"photo";"https://www.facebook.com/lorealparisindia/photos/a.323477557713968.73531.118838248177901/1474638075931238/?type=3";"https://scontent.xx.fbcdn.net/v/t1.0-9/19260357_1474638075931238_7546180473832178154_n.png?oh=4f033addeb112576355e6ba3e581a097&oe=5B47F6D2";"118838248177901_1474638195931226";212;14;11;"L'Oréal Paris updated their cover photo."
118838248177901;"L'Oréal Paris";"Is a junk food binge your #1 skin sin? Try the 10-minute #InstaDetox with L'Oréal Paris Pure Clay Mask for brighter, smoother skin!";"2017-06-21T11:18:39+0000";"video";"https://www.facebook.com/lorealparisindia/videos/10156401623739552/";NA;"118838248177901_10156401623739552";1080;12;34;NA
118838248177901;"L'Oréal Paris";"Introducing New Magic Retouch! 3 seconds to spray all your greys away! #GoneIn3Seconds";"2017-06-17T06:05:19+0000";"link";"https://ad.doubleclick.net/ddm/clk/400644236;200700545;n";NA;"118838248177901_1468781959850183";7089;114;262;NA
118838248177901;"L'Oréal Paris";"You’re only seconds away from hiding your greys with new Magic Retouch. Here’s how:";"2017-06-17T05:59:13+0000";"video";"https://www.facebook.com/lorealparisindia/videos/10156384712824552/";NA;"118838248177901_10156384712824552";3644;87;262;NA
118838248177901;"L'Oréal Paris";"All shades of grey, #Gonein3Seconds! Presenting, new Magic Retouch.";"2017-06-17T05:55:54+0000";"video";"https://www.facebook.com/lorealparisindia/videos/10156384706329552/";NA;"118838248177901_10156384706329552";13748;284;847;NA
118838248177901;"L'Oréal Paris";"Introducing New Magic Retouch. The quick way to cover greys! #GoneIn3Seconds";"2017-06-17T05:51:07+0000";"video";"https://www.facebook.com/lorealparisindia/videos/10156384699914552/";NA;"118838248177901_10156384699914552";2248;48;127;NA
118838248177901;"L'Oréal Paris";"Can’t wait to know what Eva does next? Make a guess!";"2017-06-16T10:38:01+0000";"video";"https://www.facebook.com/lorealparisindia/videos/1467871129941266/";NA;"118838248177901_1467871129941266";2515;25;57;NA
118838248177901;"L'Oréal Paris";"A day in Deepika's #LifeAtCannes exclusively with L'Oréal Paris India.";"2017-06-16T09:28:05+0000";"video";"https://www.facebook.com/lorealparisindia/videos/1467828093278903/";NA;"118838248177901_1467828093278903";1815;18;84;NA
118838248177901;"L'Oréal Paris";"Get an instant Skin Detox with the new L'Oréal Paris Pure Clay Mask. Brighter, smoother skin in just 10 minutes! #InstaDetox.";"2017-06-14T10:30:00+0000";"video";"https://www.facebook.com/lorealparisindia/videos/10156371676809552/";NA;"118838248177901_10156371676809552";11393;102;234;NA
118838248177901;"L'Oréal Paris";"Introducing L'Oréal Pure Clay Masks - Purify, Mattify, Brighten and Exfoliate your skin with just a 10-minute #InstaDetox";"2017-06-12T14:37:45+0000";"video";"https://www.facebook.com/lorealparisindia/videos/10156364088994552/";NA;"118838248177901_10156364088994552";9850;92;284;NA
118838248177901;"L'Oréal Paris";"Introducing L'Oréal Paris Pure Clay Mask - undo your skin sins with a 10-minute #InstaDetox";"2017-06-12T13:07:13+0000";"video";"https://www.facebook.com/lorealparisindia/videos/10156363843289552/";NA;"118838248177901_10156363843289552";5737;34;133;NA
118838248177901;"L'Oréal Paris";"Wishing our stunning L'Oréalista Sonam Kapoor love and happiness on her birthday!!";"2017-06-09T06:47:44+0000";"video";"https://www.facebook.com/lorealparisindia/videos/1460012044060508/";NA;"118838248177901_1460012044060508";436;11;12;NA
118838248177901;"L'Oréal Paris";"Deepika's flawless day look, perfectly decoded by Chandni Singh in True Match Lumi Rose Powder, La Palette Gold, Tint Caresse Peach Blossom and Superstar Mascara. Shop the look here today!";"2017-06-07T15:30:28+0000";"video";"https://www.facebook.com/lorealparisindia/videos/1422197321151900/";NA;"118838248177901_1422197321151900";2061;10;35;NA
118838248177901;"L'Oréal Paris";"We've got something new to instantly undo all your skin sins! Stay Tuned.";"2017-06-06T06:42:47+0000";"video";"https://www.facebook.com/lorealparisindia/videos/1456606147734431/";NA;"118838248177901_1456606147734431";99;1;4;NA
118838248177901;"L'Oréal Paris";"Get rich, 4x glossy hair colour with New Casting Creme Gloss with Brazilian Shine Treatment";"2017-05-31T12:11:26+0000";"video";"https://www.facebook.com/lorealparisindia/videos/10212877155267486/";NA;"118838248177901_10212877155267486";1185;4;11;NA
118838248177901;"L'Oréal Paris";"Flaunt #4xGlossy hair with the New Casting Creme Gloss with Brazilian Shine Treatment";"2017-05-26T12:27:04+0000";"video";"https://www.facebook.com/lorealparisindia/videos/10212832146342291/";NA;"118838248177901_10212832146342291";2346;15;30;NA
118838248177901;"L'Oréal Paris";"Aishwarya looked ravishing in Color Riche Moist Mat - Black Cherry on her second red carpet appearance. Get her look today - http://bit.ly/2rqfqU7";"2017-05-25T05:59:01+0000";"photo";"https://www.facebook.com/lorealparisindia/photos/a.145773232151069.27999.118838248177901/1444828065578906/?type=3";"https://scontent.xx.fbcdn.net/v/t1.0-9/18697966_1444828065578906_8395750470197989209_n.png?oh=2b5c1740332858281a1303097f9a4ec3&oe=5B4C41B1";"118838248177901_1444828065578906";666;5;31;"L'Oréal Paris is with M Shah Rukh and 4 others."
118838248177901;"L'Oréal Paris";"Aishwarya looked ravishing in Color Riche Moist Mat - Black Cherry on her second red carpet appearance. Get her look today!";"2017-05-25T05:42:38+0000";"link";"http://bit.ly/2rqfqU7";NA;"118838248177901_1444816205580092";6060;23;40;NA
118838248177901;"L'Oréal Paris";"Go gold and glamorous just like Sonam Kapoor in the True Match Lumi Highlighter Powder in Gold!";"2017-05-23T13:20:41+0000";"link";"http://bit.ly/2qfmP40";NA;"118838248177901_1443414825720230";3727;10;20;NA
118838248177901;"L'Oréal Paris";"Gorgeous in gold! Sonam Kapoor in Tint Caresse Sakura Blossom and True Match Lumi Highlighter Powder in gold #LifeAtCannes";"2017-05-23T12:41:42+0000";"photo";"https://www.facebook.com/lorealparisindia/photos/a.145773232151069.27999.118838248177901/1443384529056593/?type=3";"https://scontent.xx.fbcdn.net/v/t1.0-9/18620013_1443384529056593_7510292321137643781_n.jpg?oh=001c9c5369946953399ee93a1b91aeb6&oe=5B4A1885";"118838248177901_1443384529056593";2319;5;22;"L'Oréal Paris is with Shuaib Khan and 2 others."
118838248177901;"L'Oréal Paris";"Sonam Kapoor looks gorgeous in gold and slays the red carpet yet again! Get her look now - http://bit.ly/2pYHBVq #LifeAtCannes";"2017-05-22T18:25:36+0000";"photo";"https://www.facebook.com/lorealparisindia/photos/a.145773232151069.27999.118838248177901/1442796572448722/?type=3";"https://scontent.xx.fbcdn.net/v/t31.0-8/18623249_1442796572448722_1856501637753458438_o.jpg?oh=656d5a7154537d27ecd8c22a84d95ad4&oe=5B3893D7";"118838248177901_1442796572448722";2774;4;19;"L'Oréal Paris is with Shuaib Khan and 3 others."
118838248177901;"L'Oréal Paris";"Sonam Kapoor is an absolute delight to the eye on her second red-carpet appearance. Shop her look today - http://bit.ly/2pYHBVq";"2017-05-22T18:05:32+0000";"photo";"https://www.facebook.com/lorealparisindia/photos/a.145773232151069.27999.118838248177901/1442780162450363/?type=3";"https://scontent.xx.fbcdn.net/v/t31.0-8/18588769_1442780162450363_3427807675985693737_o.jpg?oh=cdebb7b03b9ae7ea7e861f6946960448&oe=5B375FF5";"118838248177901_1442780162450363";8344;30;47;"L'Oréal Paris is with Shuaib Khan and 4 others."
118838248177901;"L'Oréal Paris";"L'Oréalistas galore! #LifeAtCannes";"2017-05-22T17:08:32+0000";"photo";"https://www.facebook.com/lorealparisindia/photos/a.145773232151069.27999.118838248177901/1442742699120776/?type=3";"https://scontent.xx.fbcdn.net/v/t31.0-8/18623207_1442742699120776_5316815781143098125_o.jpg?oh=fc29bb5ff2f7c6957cbdbe2b23a88089&oe=5B472890";"118838248177901_1442742699120776";841;12;10;"L'Oréal Paris is with Shuaib Khan and 2 others."
118838248177901;"L'Oréal Paris";"Sonam Kapoor glows on the red carpet in Tint Caresse Sakura Blossom, True Match Lumi Gold Highlighter Powder and La Palette Gold #LifeAtCannes";"2017-05-22T17:07:03+0000";"photo";"https://www.facebook.com/lorealparisindia/photos/a.145773232151069.27999.118838248177901/1442741209120925/?type=3";"https://scontent.xx.fbcdn.net/v/t31.0-8/18588722_1442741209120925_6516720135461616405_o.jpg?oh=c128378b3952e6d5beda9aa2d83fd866&oe=5B4D3453";"118838248177901_1442741209120925";420;4;7;"L'Oréal Paris is with Shuaib Khan and Sanyam Raj."
118838248177901;"L'Oréal Paris";"Live at the red carpet day 2 with Sonam and L'Oréal Paris ! #lifeatcannes";"2017-05-22T16:50:29+0000";"video";"https://www.facebook.com/lorealparisindia/videos/1442726635789049/";NA;"118838248177901_1442726635789049";1005;160;11;"L'Oréal Paris was live."
118838248177901;"L'Oréal Paris";"Sonam Kapoor looks simply flawless in the Color Riche Moist Mat Blaze of Red, True Match Lumi Gold Powder Highlighter and La Palette Gold. Shop her look now - http://bit.ly/2q92jCV";"2017-05-22T15:48:05+0000";"photo";"https://www.facebook.com/lorealparisindia/photos/a.145773232151069.27999.118838248177901/1442688235792889/?type=3";"https://scontent.xx.fbcdn.net/v/t31.0-8/18620746_1442688235792889_6842600119006701952_o.jpg?oh=c2bc06d60792e3ff12a05a42cef83013&oe=5B3FA676";"118838248177901_1442688235792889";3356;11;28;"L'Oréal Paris is with Shuaib Khan and 7 others."
118838248177901;"L'Oréal Paris";"Here's a sneak peek into the ultimate diva's  #LifeAtCannes minutes before slaying the red  carpet  #AishwaryaAtCannes #LifeAtCannes";"2017-05-22T15:19:21+0000";"video";"https://www.facebook.com/lorealparisindia/videos/1442673652461014/";NA;"118838248177901_1442673652461014";6668;53;186;NA
118838248177901;"L'Oréal Paris";"Sonam Kapoor looks as fresh as the French Riviera in the Superliner Perfect Slim Blue, La Palette Gold and Superstar Mascara. Get her look today - http://bit.ly/2q92jCV #LifeAtCannes";"2017-05-22T14:24:36+0000";"photo";"https://www.facebook.com/lorealparisindia/photos/a.145773232151069.27999.118838248177901/1442632785798434/?type=3";"https://scontent.xx.fbcdn.net/v/t1.0-9/18581702_1442632785798434_8240057088841413417_n.png?oh=9d6e3fe9e0d04fb125deeae5abd5a2ad&oe=5B49E75C";"118838248177901_1442632785798434";437;0;9;"L'Oréal Paris is with Sanyam Raj and Harsimran Singh."
118838248177901;"L'Oréal Paris";"Sonam Kapoor looks as fresh as the French Riviera in the Superliner Perfect Slim Blue, La Palette Gold and Superstar Mascara. Get her look today! #LifeAtCannes";"2017-05-22T14:04:27+0000";"link";"http://bit.ly/2q92jCV";NA;"118838248177901_1442612859133760";5352;9;17;NA
118838248177901;"L'Oréal Paris";"Sonam Kapoor looks effervescently elegant on her first red carpet appearance at Cannes. Shop her look today - http://bit.ly/2qLxTtq";"2017-05-22T12:29:16+0000";"photo";"https://www.facebook.com/lorealparisindia/photos/a.145773232151069.27999.118838248177901/1442547792473600/?type=3";"https://scontent.xx.fbcdn.net/v/t1.0-9/18581955_1442547792473600_6074950648230550557_n.png?oh=c3c0d24a4a1ad7a34fe6771a21d7f55c&oe=5B40CD1B";"118838248177901_1442547792473600";305;1;11;"L'Oréal Paris is with Harsimran Singh and Sanyam Raj."
118838248177901;"L'Oréal Paris";"Sonam Kapoor looks effervescently elegant on her first red carpet appearance at Cannes. Shop her look today!";"2017-05-22T10:13:23+0000";"link";"http://bit.ly/2qLxTtq";NA;"118838248177901_1442482945813418";3681;10;23;NA
118838248177901;"L'Oréal Paris";"Pastel perfection. #SonamAtCannes #LifeAtCannes";"2017-05-22T10:13:09+0000";"photo";"https://www.facebook.com/lorealparisindia/photos/a.145773232151069.27999.118838248177901/1442463955815317/?type=3";"https://scontent.xx.fbcdn.net/v/t1.0-9/18671142_1442463955815317_6478780478353595238_n.png?oh=8d7a8da696542cb7576092479ae655cb&oe=5B32C319";"118838248177901_1442463955815317";1060;4;11;"L'Oréal Paris is with Shuaib Khan and 2 others."
118838248177901;"L'Oréal Paris";"Rose gold dream. <f0> Get Sonam Kapoor's red carpet look here - http://bit.ly/2qLxTtq";"2017-05-22T09:24:07+0000";"photo";"https://www.facebook.com/lorealparisindia/photos/a.145773232151069.27999.118838248177901/1442461622482217/?type=3";"https://scontent.xx.fbcdn.net/v/t1.0-9/18582486_1442461622482217_5440196150211338345_n.png?oh=6d17ae49de9ed4e822f0f364742d8079&oe=5B3DC1E4";"118838248177901_1442461622482217";1223;7;8;"L'Oréal Paris is with Shuaib Khan and 2 others."
118838248177901;"L'Oréal Paris";"We're completely enchanted by Sonam Kapoor's red carpet tonight. Tell us what you think! #LifeAtCannes";"2017-05-21T17:32:50+0000";"photo";"https://www.facebook.com/lorealparisindia/photos/a.145773232151069.27999.118838248177901/1441850119210034/?type=3";"https://scontent.xx.fbcdn.net/v/t31.0-8/18556728_1441850119210034_129612726570832863_o.jpg?oh=62bc2a16d373b5633e84c609e427a585&oe=5B2F1FAD";"118838248177901_1441850119210034";2059;18;16;"L'Oréal Paris is with Sanyam Raj and Harsimran Singh."
118838248177901;"L'Oréal Paris";"It's raining rose gold with Sonam Kapoor in True Match Lumi liquid highlighter in Rose and Tint Caresse Rose + Peach Blossom #LifeAtCannes";"2017-05-21T17:22:27+0000";"photo";"https://www.facebook.com/lorealparisindia/photos/a.145773232151069.27999.118838248177901/1441838499211196/?type=3";"https://scontent.xx.fbcdn.net/v/t1.0-9/18670893_1441838499211196_2784346806675788237_n.jpg?oh=ea4f4ddd0385a2e642aef571935cc39b&oe=5B00D87C";"118838248177901_1441838499211196";1253;13;17;"L'Oréal Paris is with Sanyam Raj and Harsimran Singh."
118838248177901;"L'Oréal Paris";"Blushing like <f0> in True Match Lumi Liquid Highlighter in Rose and Tint Caresse Rose Blossom + Peach Blossom. #SonamAtCannes #LifeAtCannes";"2017-05-21T17:20:41+0000";"photo";"https://www.facebook.com/lorealparisindia/photos/a.145773232151069.27999.118838248177901/1441836932544686/?type=3";"https://scontent.xx.fbcdn.net/v/t1.0-9/18582462_1441836932544686_5814497049673733864_n.jpg?oh=5fa3cd8bf3c3eecf966d4d98d08b2480&oe=5B017C69";"118838248177901_1441836932544686";5013;25;28;"L'Oréal Paris is with Sanyam Raj and Harsimran Singh."
118838248177901;"L'Oréal Paris";"Sonam Kapoor looking as radiant as ever in her True Match Lumi Highlighter in Rose";"2017-05-21T16:27:15+0000";"photo";"https://www.facebook.com/lorealparisindia/photos/a.145773232151069.27999.118838248177901/1441785562549823/?type=3";"https://scontent.xx.fbcdn.net/v/t31.0-8/18558920_1441785562549823_3196327758943096575_o.jpg?oh=3d4f7eb277e70472aad8f80cbe369290&oe=5B4C185E";"118838248177901_1441785562549823";2360;46;17;"L'Oréal Paris is with Sahil Shaikh and 5 others."
118838248177901;"L'Oréal Paris";"Live with Sonam Kapoor at the Cannes 2017 red carpet ! #lifeatcannes";"2017-05-21T16:15:48+0000";"video";"https://www.facebook.com/lorealparisindia/videos/1441768905884822/";NA;"118838248177901_1441768905884822";8259;1984;179;"L'Oréal Paris was live."
118838248177901;"L'Oréal Paris";"Flawless in Tint Caresse Rose Blossom blended in Tint Caresse Peach Blossom and True Match Lumi Liquid Highlighter in Rose #LifeAtCannes";"2017-05-21T16:06:44+0000";"photo";"https://www.facebook.com/lorealparisindia/photos/a.145773232151069.27999.118838248177901/1441766329218413/?type=3";"https://scontent.xx.fbcdn.net/v/t31.0-8/18588970_1441766329218413_3755005862964741324_o.jpg?oh=2a1e8b06e87dddc59c0875a8be33ac3a&oe=5B4BB932";"118838248177901_1441766329218413";451;6;6;"L'Oréal Paris is with Shuaib Khan and 3 others."
118838248177901;"L'Oréal Paris";"Sonam Kapoor is going to be LIVE on our page any minute now! Stay Tuned! #LifeAtCannes #SonamAtCannes";"2017-05-21T15:59:55+0000";"video";"https://www.facebook.com/lorealparisindia/videos/1441757935885919/";NA;"118838248177901_1441757935885919";333;25;11;NA
118838248177901;"L'Oréal Paris";"Sonam Kapoor looks ravishing and all set to sparkle on the red carpet in Tint Caresse Rose Blossom blended with peach blossom, True Match Lumi Highlighter Liquid in Rose, La Palette Gold and Lumi powder rose";"2017-05-21T15:53:30+0000";"photo";"https://www.facebook.com/lorealparisindia/photos/a.145773232151069.27999.118838248177901/1441754359219610/?type=3";"https://scontent.xx.fbcdn.net/v/t31.0-8/18556687_1441754359219610_1199187292218017987_o.jpg?oh=633bf8e973c9bf4d7361a511dbf2bf23&oe=5B319C76";"118838248177901_1441754359219610";4844;20;34;"L'Oréal Paris is with Shuaib Khan and 2 others."
118838248177901;"L'Oréal Paris";"Catch the gorgeous Sonam Kapoor live from the red carpet tonight! Stay tuned and witness #LifeAtCannes";"2017-05-21T15:18:43+0000";"photo";"https://www.facebook.com/lorealparisindia/photos/a.145773232151069.27999.118838248177901/1441725755889137/?type=3";"https://scontent.xx.fbcdn.net/v/t31.0-8/18588774_1441725755889137_6603529081992103258_o.jpg?oh=5a23823d60ba6b44d6de1cf08e2e7cc2&oe=5B03A78C";"118838248177901_1441725755889137";521;3;3;"L'Oréal Paris is with Shuaib Khan and 3 others."
118838248177901;"L'Oréal Paris";"Here's another stunning one by our #Lorealista Sonam Kapoor. We're excited to see her #LifeAtCannes, are you? #SonamAtCannes  Image Courtesy : House of Pixels";"2017-05-21T13:15:19+0000";"photo";"https://www.facebook.com/lorealparisindia/photos/a.145773232151069.27999.118838248177901/1441631275898585/?type=3";"https://scontent.xx.fbcdn.net/v/t31.0-8/18588872_1441631275898585_7821626404292605281_o.jpg?oh=471a16ed43a0222701616f1c164f7a70&oe=5B3EF355";"118838248177901_1441631275898585";1343;20;10;"L'Oréal Paris is with Shuaib Khan and 4 others."
118838248177901;"L'Oréal Paris";"Trust Sonam Kapoor to make it stunning every single time. #SonamAtCannes #LifeAtCannes";"2017-05-21T12:50:14+0000";"photo";"https://www.facebook.com/lorealparisindia/photos/a.145773232151069.27999.118838248177901/1441611802567199/?type=3";"https://scontent.xx.fbcdn.net/v/t31.0-8/18556878_1441611802567199_7507469008106140780_o.jpg?oh=22a99eaf79911c4f353a2e79e3b0d28a&oe=5B4BDB4F";"118838248177901_1441611802567199";549;10;6;"L'Oréal Paris is with Shuaib Khan and 4 others."
118838248177901;"L'Oréal Paris";"Aishwarya present Devdas for L'Oréal Paris at Cannes #lifeatcannes";"2017-05-20T19:04:25+0000";"video";"https://www.facebook.com/lorealparisindia/videos/1441032419291804/";NA;"118838248177901_1441032419291804";1825;166;62;"L'Oréal Paris was live."
118838248177901;"L'Oréal Paris";"Precious moment from when #AishwaryaRaiBachchan spotted little Aaradhya at the balcony.  #AishwaryaAtCannes #LifeAtCannes";"2017-05-20T18:31:55+0000";"video";"https://www.facebook.com/lorealparisindia/videos/1440978272630552/";NA;"118838248177901_1440978272630552";2497;20;81;NA
118838248177901;"L'Oréal Paris";"Take a moment and pause to look at how gorgeous Aishwarya looks on her second red carpet appearance! #LifeAtCannes #AishwaryaAtCannes #Cannes2017";"2017-05-20T16:41:37+0000";"photo";"https://www.facebook.com/lorealparisindia/photos/a.145773232151069.27999.118838248177901/1440905149304531/?type=3";"https://scontent.xx.fbcdn.net/v/t31.0-8/18527462_1440905149304531_2345013812401880185_o.jpg?oh=8fffcb2019f9f46596ff7a281c796567&oe=5B4B77DB";"118838248177901_1440905149304531";7365;41;59;"L'Oréal Paris is with Harsimran Singh and Sanyam Raj."
118838248177901;"L'Oréal Paris";"Ravishing in red! Get this stunning red carpet look: Color Riche Moist Mat Black Cherry, True Match Lumi Highlighter Liquid in Rose, Superstar Mascara & La Palette Nude in Rose! #LifeAtCannes #AishwaryaAtCannes #CannesQueen #Cannes2017";"2017-05-20T16:40:21+0000";"photo";"https://www.facebook.com/lorealparisindia/photos/a.145773232151069.27999.118838248177901/1440904295971283/?type=3";"https://scontent.xx.fbcdn.net/v/t31.0-8/18589145_1440904295971283_1597390705970184581_o.jpg?oh=3633c0f61a06290ac5a85069b001cc6c&oe=5B421BCF";"118838248177901_1440904295971283";8354;31;67;"L'Oréal Paris is with Harsimran Singh and 2 others."
118838248177901;"L'Oréal Paris";"Aishwarya day 2 at the red carpet with L'Oreal paris #lifeatcannes";"2017-05-20T15:52:05+0000";"video";"https://www.facebook.com/lorealparisindia/videos/1440873532641026/";NA;"118838248177901_1440873532641026";12789;1570;523;"L'Oréal Paris was live."
118838248177901;"L'Oréal Paris";"Vivaciously mesmerising, elegantly breath taking. Get Aishwarya Rai Bachchan's ethereal look from the red carpet today today - http://bit.ly/2pVPBv9  Decode - Color Riche Moist Mat Brown Sucre <f0>  True Match Lumi Highlighter Powder Gold <f0>  La Palette Nude in Beige <f0> #LifeAtCannes";"2017-05-20T13:14:02+0000";"photo";"https://www.facebook.com/lorealparisindia/photos/a.145773232151069.27999.118838248177901/1440750515986661/?type=3";"https://scontent.xx.fbcdn.net/v/t1.0-9/18519875_1440750515986661_4607201570459556739_n.png?oh=ce5b12b0b00ed7ff619a32a41ef7fb3e&oe=5B49D5BD";"118838248177901_1440754199319626";16346;89;181;"L'Oréal Paris added 6 new photos — with Harsimran Singh and 3 others."
118838248177901;"L'Oréal Paris";"The ethereal beauty, Aishwarya Rai Bachchan stole the show at the Cannes Film Festival like never before. Get her latest look from the red carpet today!";"2017-05-20T13:02:30+0000";"link";"http://bit.ly/2pVPBv9";NA;"118838248177901_1440746815987031";1394;10;23;NA
118838248177901;"L'Oréal Paris";"The ethereal beauty, Aishwarya Rai Bachchan stole the show at the Cannes Film Festival like never before. Get her latest look from the red carpet today - http://bit.ly/2pVPBv9";"2017-05-20T12:59:29+0000";"photo";"https://www.facebook.com/lorealparisindia/photos/a.145773232151069.27999.118838248177901/1440744629320583/?type=3";"https://scontent.xx.fbcdn.net/v/t1.0-9/18581825_1440744629320583_5539769667305644922_n.png?oh=87651785e5a7b77095650cf10151c7e6&oe=5B4318D5";"118838248177901_1440744629320583";1009;8;18;"L'Oréal Paris is with Harsimran Singh and Sanyam Raj."
118838248177901;"L'Oréal Paris";"Embracing #LifeAtCannes in Color Riche Moist Mat Orange Power, Superliner Perfect Slim Blue, Lucent Magique Blush Paradise Coral";"2017-05-20T10:09:00+0000";"photo";"https://www.facebook.com/lorealparisindia/photos/a.145773232151069.27999.118838248177901/1440644792663900/?type=3";"https://scontent.xx.fbcdn.net/v/t1.0-9/18557177_1440644792663900_5842527051955110126_n.png?oh=3afc5dbe13eb777b4113083be89e71fb&oe=5B46B944";"118838248177901_1440644792663900";2829;8;26;"L'Oréal Paris is with Harsimran Singh and 3 others."
118838248177901;"L'Oréal Paris";"Unveiling #AishwaryaRaiBachchan's sensational look from #Cannes2017 for today. #LifeAtCannes #AishwaryaAtCannes";"2017-05-20T09:54:39+0000";"photo";"https://www.facebook.com/lorealparisindia/photos/a.145773232151069.27999.118838248177901/1440637835997929/?type=3";"https://scontent.xx.fbcdn.net/v/t1.0-9/18555952_1440637835997929_5239466424863225702_n.png?oh=90b2bf1ffe315d3c818a31535086b803&oe=5AFFBDF7";"118838248177901_1440637835997929";3934;13;24;"L'Oréal Paris is with Harsimran Singh and 3 others."
118838248177901;"L'Oréal Paris";"She came. She posed. She conquered! #CannesQueen #AishwaryaAtCannes #LifeAtCannes";"2017-05-20T09:31:01+0000";"link";"http://gph.is/2q6ddIF";NA;"118838248177901_1440627699332276";1693;18;40;NA
118838248177901;"L'Oréal Paris";"Get stunning eyes like Deepika Padukone with Lumi powder in gold for highlighter, Le Smoky smudged in Antique green and the Superstar mascara. Shop Now - http://bit.ly/2rz11Bk";"2017-05-20T04:30:00+0000";"photo";"https://www.facebook.com/lorealparisindia/photos/a.145773232151069.27999.118838248177901/1439974542730925/?type=3";"https://scontent.xx.fbcdn.net/v/t1.0-9/18486178_1439974542730925_3058997826852801555_n.png?oh=e3f58c938676ce13b9c47d1c536da6f7&oe=5B3FD6A4";"118838248177901_1439974542730925";502;1;18;"L'Oréal Paris is with Sanyam Raj and Ashok Kumaar."
118838248177901;"L'Oréal Paris";"Cinderella has arrived <f0> and we are speechless. Aishwarya looks like an absolute dream come true in  Color Riche Moist Mat Brown Sucre, True Match Lumi Highlighter Powder in Gold, La Palette Nude in Beige, Super Liner Gel Intenza Profound Black and Volume Million Lashes Mascara! #AishwaryaAtCannes #LifeAtCannes #CannesQueen";"2017-05-19T16:53:01+0000";"photo";"https://www.facebook.com/lorealparisindia/photos/a.145773232151069.27999.118838248177901/1440065822721797/?type=3";"https://scontent.xx.fbcdn.net/v/t31.0-8/18491517_1440065822721797_7669621170865482358_o.jpg?oh=c1e6d040b94316bef66a8a23272eaaca&oe=5B067601";"118838248177901_1440065822721797";38960;291;441;"L'Oréal Paris is with Harsimran Singh and 7 others."
118838248177901;"L'Oréal Paris";"Hello Cinderella <f0><f0><f0>  #AishwaryaAtCannes ready to stun the entire red carpet! #LifeAtCannes";"2017-05-19T16:34:29+0000";"photo";"https://www.facebook.com/lorealparisindia/photos/a.145773232151069.27999.118838248177901/1440052552723124/?type=3";"https://scontent.xx.fbcdn.net/v/t1.0-9/18557018_1440052552723124_5141450459165514657_n.jpg?oh=ada1d91330b8781d10988db4ac2bb128&oe=5B49CCF6";"118838248177901_1440052552723124";12928;74;93;"L'Oréal Paris is with Maneesh Gupta Mkg and Sanyam Raj."
118838248177901;"L'Oréal Paris";"Cinderella moment live at Cannes #lifeatcannes";"2017-05-19T16:13:31+0000";"video";"https://www.facebook.com/lorealparisindia/videos/1440037786057934/";NA;"118838248177901_1440037786057934";15561;1829;765;"L'Oréal Paris was live."
118838248177901;"L'Oréal Paris";"Cinderella moment  live at Cannes #lifeatcannes";"2017-05-19T16:12:44+0000";"status";NA;NA;"118838248177901_1440037716057941";84;0;0;"L'Oréal Paris updated their status."
118838248177901;"L'Oréal Paris";"Want to flaunt the glossiest hair ever? L'Oréal Paris presents the all new Casting Créme Gloss with the Brazilian Shine Treatment!";"2017-05-19T15:09:30+0000";"video";"https://www.facebook.com/lorealparisindia/videos/1439990776062635/";NA;"118838248177901_1439990776062635";1567;6;22;NA
118838248177901;"L'Oréal Paris";"The goddess of beauty is all set to live her #LifeAtCannes! Get Aishwarya's gorgeous day look today - http://bit.ly/2qZCHwl";"2017-05-19T14:49:39+0000";"photo";"https://www.facebook.com/lorealparisindia/photos/a.145773232151069.27999.118838248177901/1439972809397765/?type=3";"https://scontent.xx.fbcdn.net/v/t1.0-9/18557434_1439972809397765_7212141648562411410_n.png?oh=090a046e6f6248d92fa29859aa598cda&oe=5B3C3116";"118838248177901_1439972809397765";401;6;10;"L'Oréal Paris is with Sanyam Raj and Arun Trivedi."
118838248177901;"L'Oréal Paris";"When at Cannes, pose and pout <f0> #LifeAtCannes #AishwaryaAtCannes #CannesQueen";"2017-05-19T14:45:31+0000";"photo";"https://www.facebook.com/lorealparisindia/photos/a.145773232151069.27999.118838248177901/1439968822731497/?type=3";"https://scontent.xx.fbcdn.net/v/t1.0-9/18582238_1439968822731497_1898317335655515965_n.png?oh=c9042c212b59f787957a6cd697dbeb80&oe=5B0671F5";"118838248177901_1439968822731497";442;6;5;"L'Oréal Paris is with Sanyam Raj and Arun Trivedi."
118838248177901;"L'Oréal Paris";"Sitting pretty and living the #LifeAtCannes <f0> #CannesQueen #AishwaryaAtCannes #CannesFilmFestival";"2017-05-19T14:44:46+0000";"photo";"https://www.facebook.com/lorealparisindia/photos/a.145773232151069.27999.118838248177901/1439968182731561/?type=3";"https://scontent.xx.fbcdn.net/v/t1.0-9/18555942_1439968182731561_3866737710025860597_n.png?oh=2c5a2f7bafbf8e009bdbcb582bcb5605&oe=5B3E15E9";"118838248177901_1439968182731561";362;4;7;"L'Oréal Paris is with Sanyam Raj and Arun Trivedi."
118838248177901;"L'Oréal Paris";"When you have to take a moment and look at the view <f0> #CannesQueen #LifeAtCannes #AishwaryaAtCannes";"2017-05-19T13:54:11+0000";"photo";"https://www.facebook.com/lorealparisindia/photos/a.145773232151069.27999.118838248177901/1439927022735677/?type=3";"https://scontent.xx.fbcdn.net/v/t1.0-9/18557175_1439927022735677_5451447421960069178_n.jpg?oh=588790b57818388c41351786beba7b89&oe=5B392479";"118838248177901_1439927022735677";2390;4;34;"L'Oréal Paris is with Sanyam Raj and 2 others."
118838248177901;"L'Oréal Paris";"Sungazing with #AishwaryaRaiBachchan #LifeAtCannes #CannesQueen";"2017-05-19T13:48:55+0000";"photo";"https://www.facebook.com/lorealparisindia/photos/a.145773232151069.27999.118838248177901/1439918966069816/?type=3";"https://scontent.xx.fbcdn.net/v/t1.0-9/18519980_1439918966069816_7062697525995493677_n.jpg?oh=52fe6ae6975d4fb7aea6d16ad3c960be&oe=5B3DFF1A";"118838248177901_1439918966069816";729;3;9;"L'Oréal Paris is with Sanyam Raj and Arun Trivedi."
118838248177901;"L'Oréal Paris";"Femme fatale, stands tall and stuns the red carpet. Get Deepika Padukone''s debut look from Cannes 2017 today";"2017-05-19T13:30:20+0000";"video";"https://www.facebook.com/lorealparisindia/videos/1439899672738412/";NA;"118838248177901_1439899672738412";15938;89;286;NA
118838248177901;"L'Oréal Paris";"Sun, sand and our queen in Cannes! What more can we ask for <f0> #AishwaryaRaiBachchan #LifeAtCannes #CannesQueen #AishwaryaAtCannes";"2017-05-19T12:59:29+0000";"photo";"https://www.facebook.com/lorealparisindia/photos/a.145773232151069.27999.118838248177901/1439879142740465/?type=3";"https://scontent.xx.fbcdn.net/v/t1.0-9/18486054_1439879142740465_1012985303393969974_n.png?oh=79c4b35283cfae5a6878813fbd7c8558&oe=5B31AE5A";"118838248177901_1439879142740465";2793;12;18;"L'Oréal Paris is with Sanyam Raj and 2 others."
118838248177901;"L'Oréal Paris";"The goddess of beauty is all set to live her #LifeAtCannes! Get Aishwarya's gorgeous day look today";"2017-05-19T12:54:26+0000";"link";"http://bit.ly/2qZCHwl";NA;"118838248177901_1439876346074078";2720;4;22;NA
118838248177901;"L'Oréal Paris";"Get the longest lasting shine with all new Casting Creme Gloss with Brazilian Shine Treatment";"2017-05-19T12:50:37+0000";"video";"https://www.facebook.com/lorealparisindia/videos/1439874879407558/";NA;"118838248177901_1439874879407558";13116;53;131;NA
118838248177901;"L'Oréal Paris";"Get stunning eyes like Deepika Padukone with Lumi powder in gold for highlighter, Le Smoky smudged in Antique green and the Superstar mascara.";"2017-05-19T12:36:15+0000";"link";"http://bit.ly/2rz11Bk";NA;"118838248177901_1439866532741726";2173;2;26;NA
118838248177901;"L'Oréal Paris";"The goddess of beauty is all set to live her #LifeAtCannes!   Lips <f0>: Tint Caresse in Rose Blossom blended with Orchid Blossom";"2017-05-19T11:20:24+0000";"photo";"https://www.facebook.com/lorealparisindia/photos/a.145773232151069.27999.118838248177901/1439823866079326/?type=3";"https://scontent.xx.fbcdn.net/v/t1.0-9/18581965_1439823866079326_5693140411475952670_n.png?oh=b56aa6fc3583b184cf63eafa69fe31af&oe=5B3BAB7D";"118838248177901_1439823866079326";4971;38;65;"L'Oréal Paris is with Sanyam Raj and 2 others."
118838248177901;"L'Oréal Paris";"Redefining beauty and grace! She takes our breath away each time! #AishwaryaAtCannes #LifeAtCannes #CannesFilmFestival #Cannes2017";"2017-05-19T11:19:30+0000";"photo";"https://www.facebook.com/lorealparisindia/photos/a.145773232151069.27999.118838248177901/1439823419412704/?type=3";"https://scontent.xx.fbcdn.net/v/t1.0-9/18581903_1439823419412704_7999148135452826375_n.png?oh=2aca1a91ff8372822c1fa18ab705690a&oe=5B45333F";"118838248177901_1439823419412704";2842;16;38;"L'Oréal Paris is with Sanyam Raj and 2 others."
118838248177901;"L'Oréal Paris";"Throwback to Deepika Padukone's gorgeous makeup Decode: Tint caresse Plum Blossom, True Match Lumi Powder Highlighter in Gold, La Palette Nude in beige #LifeAtCannes  Image Courtesy: The Asian Weekly";"2017-05-19T06:51:53+0000";"photo";"https://www.facebook.com/lorealparisindia/photos/a.145773232151069.27999.118838248177901/1439694792758900/?type=3";"https://scontent.xx.fbcdn.net/v/t31.0-8/18589096_1439694792758900_8947110496192707920_o.jpg?oh=28ded2c37668a7404e6eea060f996979&oe=5B4BF1E3";"118838248177901_1439694792758900";1963;7;24;"L'Oréal Paris is with Shuaib Khan and 3 others."
118838248177901;"L'Oréal Paris";"Deepika Padukone exudes exquisite charm and stuns the red carpet yet again. Stay tuned to experience #lifeatcannes";"2017-05-18T16:55:49+0000";"photo";"https://www.facebook.com/lorealparisindia/photos/a.145773232151069.27999.118838248177901/1439208239474222/?type=3";"https://scontent.xx.fbcdn.net/v/t1.0-9/18582070_1439208239474222_8994339009946372109_n.png?oh=14c63798ae605e4b6ac4034dbc1dfdb6&oe=5B38C051";"118838248177901_1439208239474222";3012;21;35;"L'Oréal Paris is with Shuaib Khan and 2 others."
118838248177901;"L'Oréal Paris";"Live from the red carpet at Cannes 2017 #lifeatcannes";"2017-05-18T16:26:01+0000";"video";"https://www.facebook.com/lorealparisindia/videos/1439188156142897/";NA;"118838248177901_1439188156142897";513;106;17;"L'Oréal Paris was live."
118838248177901;"L'Oréal Paris";"Get Deepika Padukone's Warm Sun kissed Day Look from Cannes now!";"2017-05-18T16:20:00+0000";"link";"http://bit.ly/2rvv7pe";NA;"118838248177901_1439182942810085";4952;16;26;NA
118838248177901;"L'Oréal Paris";"Deepika Padukone ready to slay the red carpet again! #PeekABoo #LifeAtCannes";"2017-05-18T15:37:25+0000";"video";"https://www.facebook.com/lorealparisindia/videos/1439153802812999/";NA;"118838248177901_1439153802812999";286;2;6;NA
118838248177901;"L'Oréal Paris";"A smile that's brighter than the sun! Deepika Padukone acing the Tint Caresse - Tulip Blossom #LifeAtCannes";"2017-05-18T11:46:13+0000";"photo";"https://www.facebook.com/lorealparisindia/photos/a.145773232151069.27999.118838248177901/1438989909496055/?type=3";"https://scontent.xx.fbcdn.net/v/t1.0-9/18582219_1438989909496055_1961104136307838876_n.png?oh=f2e07dd4214ee8a1b75fdcbd891c74dc&oe=5B37E538";"118838248177901_1438989909496055";3343;13;33;"L'Oréal Paris is with Shuaib Khan and 3 others."
118838248177901;"L'Oréal Paris";"Our gorgeous L'Oréalistas Julianne Moore and Susan Sarandon light up the red carpet at Cannes. Stay tuned for more updates from #LifeAtCannes";"2017-05-18T10:58:43+0000";"video";"https://www.facebook.com/lorealparisindia/videos/1438962719498774/";NA;"118838248177901_1438962719498774";143;0;8;NA
118838248177901;"L'Oréal Paris";"Elle Fanning makes a striking debut with the Color Riche Moist Mat Pure Amaranthe, Super Liner Black Lacquer, Brow Artist Genius and Lucent Magique Fuschia Flush. Get her look now - http://bit.ly/2ruovZ1";"2017-05-18T09:37:23+0000";"photo";"https://www.facebook.com/lorealparisindia/photos/a.145773232151069.27999.118838248177901/1438917169503329/?type=3";"https://scontent.xx.fbcdn.net/v/t1.0-9/18527708_1438917169503329_5241964652872286726_n.png?oh=9b9f5f1764b2ba9ff074263eaeea590d&oe=5B037ECA";"118838248177901_1438917169503329";199;0;7;"L'Oréal Paris is with Harsimran Singh and Ashok Kumaar."
118838248177901;"L'Oréal Paris";"Elle fanning makes a striking debut with the Color Riche Moist Mat Pure Amaranthe, super liner black lacquer, brow artist genius and Lucent Magique Fuschia Flush. Get her look now!";"2017-05-18T08:59:21+0000";"link";"http://bit.ly/2ruovZ1";NA;"118838248177901_1438898339505212";181;1;7;NA
118838248177901;"L'Oréal Paris";"The stunning Deepika Padukone all set for day two of #LifeAtCannes";"2017-05-18T08:33:06+0000";"photo";"https://www.facebook.com/lorealparisindia/photos/a.145773232151069.27999.118838248177901/1438887266172986/?type=3";"https://scontent.xx.fbcdn.net/v/t1.0-9/18485665_1438887266172986_5361351070235544038_n.png?oh=a72eb16198a76542d19b6c01b79c6e32&oe=5B4B950D";"118838248177901_1438887266172986";1751;7;20;"L'Oréal Paris is with Harsimran Singh and Sahil Shaikh."
118838248177901;"L'Oréal Paris";"The artist and her muse making magic! The ValGarland with the stunning Deepika Padukone";"2017-05-18T08:29:01+0000";"photo";"https://www.facebook.com/lorealparisindia/photos/a.145773232151069.27999.118838248177901/1438885389506507/?type=3";"https://scontent.xx.fbcdn.net/v/t1.0-9/18486201_1438885389506507_7071906495800599599_n.png?oh=2cc94e4cf1a918f94528958fddf5855b&oe=5B46372E";"118838248177901_1438885389506507";589;1;11;"L'Oréal Paris is with Harsimran Singh and 2 others."
118838248177901;"L'Oréal Paris";"Beauty for breakfast with a stunning view! The gorgeous Deepika Padukone living #lifeatcannes indeed";"2017-05-18T08:21:24+0000";"photo";"https://www.facebook.com/lorealparisindia/photos/a.145773232151069.27999.118838248177901/1438882439506802/?type=3";"https://scontent.xx.fbcdn.net/v/t1.0-9/18519453_1438882439506802_7765813804052742697_n.png?oh=4263667356a61fd42d12d1bc8201446a&oe=5B48873B";"118838248177901_1438882439506802";1468;4;8;"L'Oréal Paris is with Shuaib Khan and 2 others."
118838248177901;"L'Oréal Paris";"Winning in wine! Deepika Padukone stealing the show at Cannes film festival. Get her look now - http://bit.ly/2pYHBVq";"2017-05-18T07:59:18+0000";"photo";"https://www.facebook.com/lorealparisindia/photos/a.145773232151069.27999.118838248177901/1438873649507681/?type=3";"https://scontent.xx.fbcdn.net/v/t1.0-9/18527935_1438873649507681_3963185490031527566_n.png?oh=3753136c08437dd0cf7456948b5e99b5&oe=5B03D480";"118838248177901_1438873649507681";1871;4;18;"L'Oréal Paris is with Shuaib Khan and 2 others."
118838248177901;"L'Oréal Paris";"The ethereal enchantress! Make way for our L'Oréalista Deepika Padukone as she takes on the red carpet with absolute ease. Get her look here - http://bit.ly/2pYHBVq";"2017-05-18T07:56:43+0000";"photo";"https://www.facebook.com/lorealparisindia/photos/a.145773232151069.27999.118838248177901/1438871712841208/?type=3";"https://scontent.xx.fbcdn.net/v/t1.0-9/18485890_1438871712841208_5322896000312272707_n.png?oh=9cd62e5ce1f249d4fd557fbf104b5924&oe=5B324A2A";"118838248177901_1438871712841208";3923;5;28;"L'Oréal Paris is with Harsimran Singh and 2 others."
118838248177901;"L'Oréal Paris";"Get Deepika Padukone's gorgeous red carpet look from her Cannes Debut today! Shop now - http://bit.ly/2pYHBVq";"2017-05-18T07:48:10+0000";"photo";"https://www.facebook.com/lorealparisindia/photos/a.145773232151069.27999.118838248177901/1438867866174926/?type=3";"https://scontent.xx.fbcdn.net/v/t1.0-9/18620151_1438867866174926_481390736697639099_n.png?oh=594b2dcfaacdecf2068618819a2000ae&oe=5B478813";"118838248177901_1438867866174926";896;5;9;"L'Oréal Paris is with Harsimran Singh and Sahil Shaikh."
118838248177901;"L'Oréal Paris";"Get Deepika Padukone's gorgeous red carpet look from her Cannes Debut today! Shop now - http://bit.ly/2pYHBVq";"2017-05-18T07:47:37+0000";"status";NA;NA;"118838248177901_1438867659508280";44;0;1;NA
118838248177901;"L'Oréal Paris";"Get Deepika Padukone's gorgeous red carpet look from her Cannes Debut today! Shop now - http://bit.ly/2pYHBVq";"2017-05-18T07:47:37+0000";"status";NA;NA;"118838248177901_1438867656174947";34;0;1;NA
118838248177901;"L'Oréal Paris";"Get Deepika Padukone's gorgeous red carpet look from her Cannes Debut today!";"2017-05-18T07:05:05+0000";"link";"http://bit.ly/2pYHBVq";NA;"118838248177901_1438841196177593";8822;31;54;NA
118838248177901;"L'Oréal Paris";"The Diva Debuts! Watch the gorgeous Deepika Padukone as she takes on the first day at Cannes like an absolute Pro.";"2017-05-18T06:28:50+0000";"video";"https://www.facebook.com/lorealparisindia/videos/1438824002845979/";NA;"118838248177901_1438824002845979";13702;71;307;NA
118838248177901;"L'Oréal Paris";"The Diva Debuts! Watch the gorgeous Deepika Padukone as she takes on the first day at Cannes like an absolute Pro. Get her look today - http://bit.ly/2pYHBVq";"2017-05-18T06:23:30+0000";"video";"https://www.facebook.com/lorealparisindia/videos/1438819296179783/";NA;"118838248177901_1438819296179783";1315;26;38;NA
118838248177901;"L'Oréal Paris";"Deepika Padukone looks breathtaking as she soaks up the sun by the French riviera. Get her #LifeAtCannes look now - http://bit.ly/2rqralC";"2017-05-17T16:59:04+0000";"photo";"https://www.facebook.com/lorealparisindia/photos/a.145773232151069.27999.118838248177901/1438352489559797/?type=3";"https://scontent.xx.fbcdn.net/v/t1.0-9/18557519_1438352489559797_3782308833024846120_n.png?oh=7dd4e50bc2bd476342f3ba4751a07fee&oe=5B456923";"118838248177901_1438352489559797";1462;13;22;"L'Oréal Paris is with Shuaib Khan and 6 others."
118838248177901;"L'Oréal Paris";NA;"2017-05-17T16:44:09+0000";"video";"https://www.facebook.com/lorealparisindia/videos/1438337202894659/";NA;"118838248177901_1438337202894659";493;73;17;"L'Oréal Paris was live."
118838248177901;"L'Oréal Paris";"Deepika Padukone slaying the L'Oréal Infallible Silkissme True Teal eyeliner. Isn't she absolutely flawless? Get her #LifeAtCannes look now - http://bit.ly/2rqralC";"2017-05-17T16:38:43+0000";"photo";"https://www.facebook.com/lorealparisindia/photos/a.145773232151069.27999.118838248177901/1438333342895045/?type=3";"https://scontent.xx.fbcdn.net/v/t1.0-9/18485829_1438333342895045_8265385739879458313_n.png?oh=a131d4f54dcdb42372aafe5365ceeb0a&oe=5B37E5BD";"118838248177901_1438333342895045";481;3;16;"L'Oréal Paris is with Shuaib Khan and 4 others."
118838248177901;"L'Oréal Paris";"#LifeAtCannes is also about some lighter moments. Deepika Padukone smiling away while experiencing #LifeAtCannes with L'Oréal Paris!";"2017-05-17T16:37:40+0000";"photo";"https://www.facebook.com/lorealparisindia/photos/a.145773232151069.27999.118838248177901/1438332869561759/?type=3";"https://scontent.xx.fbcdn.net/v/t1.0-9/18557117_1438332869561759_1377736649714103180_n.png?oh=069a3c4e0cc457cfdb726c62c0bb380e&oe=5B0555AF";"118838248177901_1438332869561759";311;3;4;"L'Oréal Paris is with Shuaib Khan and 5 others."
118838248177901;"L'Oréal Paris";"Mesmerising moment of beauty. Deepika Padukone stuns in this beautifully candid picture. #LifeAtCannes";"2017-05-17T16:36:38+0000";"photo";"https://www.facebook.com/lorealparisindia/photos/a.145773232151069.27999.118838248177901/1438332309561815/?type=3";"https://scontent.xx.fbcdn.net/v/t1.0-9/18519892_1438332309561815_1592662429338879613_n.png?oh=fb7b1cc8abbc7c2c56d4405b32a7600b&oe=5B33A117";"118838248177901_1438332309561815";594;5;7;"L'Oréal Paris is with Shuaib Khan and 6 others."
118838248177901;"L'Oréal Paris";"It's all in the details. Team L'Oréal Paris doing what they do best. Turning beautiful into extraordinary! #LifeAtCannes";"2017-05-17T16:35:40+0000";"photo";"https://www.facebook.com/lorealparisindia/photos/a.145773232151069.27999.118838248177901/1438331052895274/?type=3";"https://scontent.xx.fbcdn.net/v/t1.0-9/18527722_1438331052895274_1464343701020344099_n.png?oh=5c77eeab2112b010df8712d74e8a4ed7&oe=5B4DEEA5";"118838248177901_1438331052895274";170;0;1;"L'Oréal Paris is with Harsimran Singh and 4 others."
118838248177901;"L'Oréal Paris";"Get Deepika Padukone's stunning look from her Cannes Debut today! Shop Now - http://bit.ly/2rqralC";"2017-05-17T15:27:08+0000";"photo";"https://www.facebook.com/lorealparisindia/photos/a.145773232151069.27999.118838248177901/1438286506233062/?type=3";"https://scontent.xx.fbcdn.net/v/t1.0-9/18447468_1438286506233062_8729873289842806731_n.png?oh=49a506102af9a9f74e7b7b625d8d5704&oe=5B41C2BF";"118838248177901_1438286506233062";798;3;15;"L'Oréal Paris is with <U+09B0><U+09BF><U+09AF><U+09BC><U+09BE> <U+09B0><U+09BE><U+09AF><U+09BC> and 4 others."
118838248177901;"L'Oréal Paris";"Get Deepika Padukone's stunning look from her Cannes Debut today!";"2017-05-17T15:03:14+0000";"link";"http://bit.ly/2rqralC";NA;"118838248177901_1438272809567765";9995;38;90;NA
118838248177901;"L'Oréal Paris";"Join us on @lorealmakeup on Instagram and experience #lifeatcannes through the eyes of the gorgeous Deepika Padukone";"2017-05-17T09:49:49+0000";"photo";"https://www.facebook.com/lorealparisindia/photos/a.145773232151069.27999.118838248177901/1438052469589799/?type=3";"https://scontent.xx.fbcdn.net/v/t1.0-9/18519813_1438052469589799_602545942639412692_n.jpg?oh=f5e57adc8bbda8a41c33fff288b14aed&oe=5B4012EF";"118838248177901_1438052469589799";383;1;5;"L'Oréal Paris is with Shuaib Khan and 2 others."
118838248177901;"L'Oréal Paris";"Deepika Padukone giving us an exclusive peek into her #lifeatcannes! Isn't she an absolute stunner?";"2017-05-17T09:46:51+0000";"video";"https://www.facebook.com/lorealparisindia/videos/1438046526257060/";NA;"118838248177901_1438046526257060";221;3;14;NA
118838248177901;"L'Oréal Paris";"Deepika Padukone looking radiant on her first morning in Cannes, as she soaks up the sun by the French Riviera. #LifeAtCannes";"2017-05-17T08:12:25+0000";"photo";"https://www.facebook.com/lorealparisindia/photos/a.145773232151069.27999.118838248177901/1438005436261169/?type=3";"https://scontent.xx.fbcdn.net/v/t1.0-9/18485726_1438005436261169_7022318079571086633_n.png?oh=1c4c0dfed8c97a088900392212b72e4e&oe=5B4D515A";"118838248177901_1438005436261169";465;1;9;"L'Oréal Paris is with Shuaib Khan and 2 others."
118838248177901;"L'Oréal Paris";"Strike off the final four elements from your #CannesGoldenTicket and let us know if you're the lucky one! #LifeAtCannes  *Terms & Conditions Apply: http://bit.ly/2ppYmcF";"2017-05-16T13:30:00+0000";"photo";"https://www.facebook.com/lorealparisindia/photos/a.145773232151069.27999.118838248177901/1437111246350588/?type=3";"https://scontent.xx.fbcdn.net/v/t1.0-9/18446629_1437111246350588_3178728526801716798_n.png?oh=a111007dc2ea1b97f4b2f6bfd2ebe09c&oe=5B35F1AD";"118838248177901_1437111246350588";216;53;8;"L'Oréal Paris is with Sahil Shaikh and Vipul Malge."
118838248177901;"L'Oréal Paris";"Surprise! The second phase of elements are here! Are these beauties on your #CannesGoldenTicket? #LifeAtCannes  *Terms & Conditions Apply: http://bit.ly/2ppYmcF";"2017-05-16T11:30:00+0000";"photo";"https://www.facebook.com/lorealparisindia/photos/a.145773232151069.27999.118838248177901/1437111029683943/?type=3";"https://scontent.xx.fbcdn.net/v/t1.0-9/18447483_1437111029683943_1721910300571348110_n.png?oh=f9530083e44f95e08337fa2d7924fc87&oe=5B30FC8A";"118838248177901_1437111029683943";181;33;4;"L'Oréal Paris is with Sahil Shaikh and Vipul Malge."
118838248177901;"L'Oréal Paris";"Ready for the reveal? It's time for our 1st phase of elements! Are you one of the lucky ones to have these on your Golden Ticket? #CannesGoldenTicket #LifeAtCannes   *Terms & Conditions Apply: http://bit.ly/2ppYmcF";"2017-05-16T08:30:00+0000";"photo";"https://www.facebook.com/lorealparisindia/photos/a.145773232151069.27999.118838248177901/1437110533017326/?type=3";"https://scontent.xx.fbcdn.net/v/t1.0-9/18485604_1437110533017326_2642816770663897852_n.png?oh=2a39b8917856cbb0861797622ec84f5a&oe=5B38CBE8";"118838248177901_1437110533017326";206;47;5;"L'Oréal Paris is with Vipul Malge."
118838248177901;"L'Oréal Paris";NA;"2017-05-15T11:56:22+0000";"photo";"https://www.facebook.com/lifestylestores/photos/a.357098465217.195793.318503670217/10155086972510218/?type=3";"https://scontent.xx.fbcdn.net/v/t31.0-8/18422825_10155086972510218_5279443216432902440_o.jpg?oh=703fe45bbaf9db0a2cab33813b98d89d&oe=5B403226";"118838248177901_1436464399748606";180;0;0;"L'Oréal Paris shared Lifestyle Stores's photo."
118838248177901;"L'Oréal Paris";"Here's to the one that makes it all worth it. #HappyMothersDay ";"2017-05-14T08:21:39+0000";"photo";"https://www.facebook.com/lorealparisindia/photos/a.145773232151069.27999.118838248177901/1435453493183030/?type=3";"https://scontent.xx.fbcdn.net/v/t1.0-9/18425181_1435453493183030_7680579344545609653_n.jpg?oh=1246de2c64b8496417ff33b4527afa31&oe=5B31207D";"118838248177901_1435453493183030";517;4;11;"L'Oréal Paris is with Sahil Shaikh and 5 others."
118838248177901;"L'Oréal Paris";"We've packed all of the sunshine to give you gorgeously glossy hair! Presenting, the new Casting Crème Gloss with new Brazilian Shine Treatment. It's time you go 4x glossy!";"2017-05-12T12:21:48+0000";"video";"https://www.facebook.com/lorealparisindia/videos/1433797906681922/";NA;"118838248177901_1433797906681922";2988;21;25;NA
118838248177901;"L'Oréal Paris";"Experience #LifeAtCannes with the gorgeous Aishwarya Rai Bachchan! Stunning makeup looks for day and night inspired by the beautiful city of Cannes.";"2017-05-09T14:32:58+0000";"video";"https://www.facebook.com/lorealparisindia/videos/1431011123627267/";NA;"118838248177901_1431011123627267";13484;48;223;NA
118838248177901;"L'Oréal Paris";"#ContestAlert: - Get a Chance to win Deepika Padukone’s Gorgeous dress and Experience #LifeAtCannes!   Enter your email address here and get your Golden Ticket now - http://bit.ly/2pVMcLw  Hurry!  *Terms & Conditions Apply: http://bit.ly/2ppYmcF";"2017-05-08T11:39:28+0000";"photo";"https://www.facebook.com/lorealparisindia/photos/a.145773232151069.27999.118838248177901/1429729080422138/?type=3";"https://scontent.xx.fbcdn.net/v/t1.0-9/18301268_1429729080422138_863947101319854566_n.png?oh=2ce16514511aeb4743a8fcdf290161f2&oe=5B0637CD";"118838248177901_1429729080422138";5469;271;152;"L'Oréal Paris is with Shuaib Khan and 6 others."
118838248177901;"L'Oréal Paris";"Experience #LifeAtCannes with the gorgeous Deepika Padukone! Stunning makeup looks for day and night inspired by the beautiful city of Cannes.";"2017-05-05T11:55:25+0000";"video";"https://www.facebook.com/lorealparisindia/videos/1427002540694792/";NA;"118838248177901_1427002540694792";5467;15;75;NA
118838248177901;"L'Oréal Paris";"Here's looking back at one of the most glamorous 24 hours we've had with the gorgeous Aishwarya Rai Bachchan. Experience #LifeAtCannes like never before! Coming soon.";"2017-05-04T12:55:54+0000";"video";"https://www.facebook.com/lorealparisindia/videos/1426068640788182/";NA;"118838248177901_1426068640788182";1053;10;43;NA
118838248177901;"L'Oréal Paris";"Congratulations Surabhi! Welcome to L’Oreal Paris’ inner circle –  L’Amies! Follow Surabhi on Little Reviews for updates from L’Oreal Paris!";"2017-05-04T06:27:24+0000";"photo";"https://www.facebook.com/lorealparisindia/photos/a.145773232151069.27999.118838248177901/1425792064149173/?type=3";"https://scontent.xx.fbcdn.net/v/t1.0-9/18198624_1425792064149173_775098973950635016_n.png?oh=1dfb6783ea6a8aeba9c733db30989c7d&oe=5B01ACBE";"118838248177901_1425792064149173";209;1;2;"L'Oréal Paris is with Sahil Shaikh and 2 others."
118838248177901;"L'Oréal Paris";"Think you've seen it all? Get ready to experience #LifeAtCannes like never before. Stay tuned!";"2017-05-03T09:11:04+0000";"video";"https://www.facebook.com/lorealparisindia/videos/1425051017556611/";NA;"118838248177901_1425051017556611";6547;18;45;NA
118838248177901;"L'Oréal Paris";"It's time to dazzle that red carpet! It's time to shine again! Experience #LifeAtCannes. Coming soon!";"2017-05-02T15:23:18+0000";"link";"http://gph.is/2qAyYAZ";NA;"118838248177901_1424305410964505";61570;77;195;NA
118838248177901;"L'Oréal Paris";"Hold your breath. We have the glossiest surprise coming up for you!";"2017-05-02T07:34:13+0000";"video";"https://www.facebook.com/lorealparisindia/videos/1424009560994090/";NA;"118838248177901_1424009560994090";1563;12;35;NA
118838248177901;"L'Oréal Paris";"L'Oréal Paris has made some friends! Presenting the L'amies! Follow them to indulge in sneak-peaks of the latest launches and everything exciting on L'Oréal Paris!   Sjlovesjewelry Myhappinesz Debasree Banerjee Superwowstyle Sonal Sagaraya  Corallista - Makeup & Beauty Blog Mesmereyes Makeup That Boho Girl Aakriti Rana Gill The Snob Journal  Shaurya Sanadhya Streak Hue Fall Chandni Singh Studio";"2017-04-28T14:10:34+0000";"video";"https://www.facebook.com/lorealparisindia/videos/1420132771381769/";NA;"118838248177901_1420132771381769";785;11;30;NA
118838248177901;"L'Oréal Paris";"#GetYourMagique in 12 matte shades at Rs. 650 only";"2017-04-23T06:52:15+0000";"video";"https://www.facebook.com/lorealparisindia/videos/1414111865317193/";NA;"118838248177901_1414111865317193";2081;10;54;NA
118838248177901;"L'Oréal Paris";"#GetYourMagique in 12 matte shades at Rs. 650 only";"2017-04-21T12:36:45+0000";"link";"http://bit.ly/2p2JUts";NA;"118838248177901_1411966718865041";2530;7;36;NA
118838248177901;"L'Oréal Paris";"The most intense colours. The most comfortable mattes. #GetYourMagique in 12 matte shades at Rs. 650 only - http://bit.ly/2p2JUts";"2017-04-21T12:24:38+0000";"photo";"https://www.facebook.com/lorealparisindia/photos/a.145773232151069.27999.118838248177901/1411956778866035/?type=3";"https://scontent.xx.fbcdn.net/v/t1.0-9/18011161_1411956778866035_4137000311334494750_n.png?oh=cbd6865232a58c26dff93e8f88168cdf&oe=5B3F7CC1";"118838248177901_1411956778866035";38648;390;600;"L'Oréal Paris is with Shivani Kulkarni and 11 others."
118838248177901;"L'Oréal Paris";"Presenting the L'Oréal L'amies! 16 of the most influential and inspiring beauty bloggers who will be a part of our official inner-circle and bring you all the updates on the latest collections and beauty trends! Stay tuned to know who they are!";"2017-04-17T11:31:14+0000";"link";"http://gph.is/2oFD5xH";NA;"118838248177901_1407075879354125";136;5;5;NA
118838248177901;"L'Oréal Paris";"Isn't she charming? She's our True Match!";"2017-04-07T13:11:51+0000";"video";"https://www.facebook.com/lorealparisindia/videos/1395673477161032/";NA;"118838248177901_1395673477161032";12927;139;228;NA
118838248177901;"L'Oréal Paris";"Want to get entry into a one of a kind official inner circle?  Participate in this simple contest and you could get a chance to be a blogger with exclusive L'Oréal Paris access!  Calling out to all beauty addicts who think and breathe makeup! Send us a message or comment below with the link to your Blog / Social Media Platforms and tell us why you love L'Oréal Paris in one line.  WHY IS THIS BIG?  - Priority access to all of our launches  - Curated hampers of your favourite products  - Invites to all of the press conferences and brand events in India  - Your content, curated and promoted on our pages  The world of beauty awaits you!";"2017-03-31T13:32:51+0000";"photo";"https://www.facebook.com/lorealparisindia/photos/a.145773232151069.27999.118838248177901/1387371797991200/?type=3";"https://scontent.xx.fbcdn.net/v/t1.0-9/17553942_1387371797991200_3906856535199840272_n.png?oh=ef04fb35d180fc1b702d3b41e0ef0b09&oe=5B33B6B3";"118838248177901_1387371797991200";42128;150;66;"L'Oréal Paris is with Sahil Shaikh and 4 others."
118838248177901;"L'Oréal Paris";"Isn't she charming? She's our True Match! Shop Deepika's First Look for L'Oréal Paris now!";"2017-03-31T05:30:00+0000";"video";"https://www.facebook.com/lorealparisindia/videos/1386343628094017/";NA;"118838248177901_1386343628094017";406;9;26;NA
118838248177901;"L'Oréal Paris";"Bonjour and Welcome to Paris, Deepika Padukone! Shop Deepika's First Look for L'Oréal Paris now at :  http://bit.ly/2o66FNR";"2017-03-28T10:06:42+0000";"video";"https://www.facebook.com/lorealparisindia/videos/1384073258321054/";NA;"118838248177901_1384073258321054";613;4;40;NA
118838248177901;"L'Oréal Paris";"We are delighted to announce Deepika Padukone as the new spokesperson for L'Oréal Paris. Join us in welcoming her to the family!";"2017-03-25T14:46:11+0000";"photo";"https://www.facebook.com/lorealparisindia/photos/a.145773232151069.27999.118838248177901/1380885631973150/?type=3";"https://scontent.xx.fbcdn.net/v/t31.0-8/17505200_1380885631973150_710536301915759524_o.jpg?oh=eaee63fd39fb284c5ccfbfaba4bc670a&oe=5B3C8F10";"118838248177901_1380885631973150";71295;437;516;"L'Oréal Paris is with Shuaib Khan and 22 others."
118838248177901;"L'Oréal Paris";"We will soon reveal the beautiful new face of L'Oréal Paris. Until then, keep guessing! #ILoveParis.";"2017-03-21T05:09:48+0000";"video";"https://www.facebook.com/lorealparisindia/videos/1376488309079549/";NA;"118838248177901_1376488309079549";330;64;23;NA
