id;from_id;from_name;message;type;link;picture;tags
"118838248177901_1694489930612717";118838248177901.000;"L'Oréal Paris";"It's time to flaunt hair that's fashion-forward! Introducing New Excellence Fashion Highlights - salon-like highlights at home, for just INR 350.";"photo";"https://www.facebook.com/lorealparisindia/photos/a.145773232151069.27999.118838248177901/1694488807279496/?type=3";"https://scontent.xx.fbcdn.net/v/t31.0-8/27709660_1694488807279496_4828962539600637817_o.png?oh=c98ea51fdd06cf75bdea5578d5b97ac4&oe=5B00661D";"Facilisis,Sem,Blandit,Non,Faucibus,Orci,Consequat,A,Egestas,Tellus,Donec,Gravida,Ligula,At,Aliquam"
"118838248177901_1691044600957250";118838248177901.000;"L'Oréal Paris";"A glamorous match at its best! Guess who's bringing the next big trend to town?";"photo";"https://www.facebook.com/lorealparisindia/photos/a.145773232151069.27999.118838248177901/1691044424290601/?type=3";"https://scontent.xx.fbcdn.net/v/t31.0-8/27500214_1691044424290601_2398673378115884872_o.jpg?oh=74a95fbe9b9509a2094538b42d358def&oe=5B021314";"Suscipit,Iaculis,A,Elementum,Dolor,Adipiscing,Aliquet,Scelerisque,Urna,Maximus,Suscipit,Lectus,Dictum,Dui,Eu"
"118838248177901_1567196353342076";118838248177901.000;"L'Oréal Paris";"NA";"photo";"https://www.facebook.com/lorealparisindia/photos/a.323477557713968.73531.118838248177901/1567196306675414/?type=3";"https://scontent.xx.fbcdn.net/v/t1.0-9/22008464_1567196306675414_8264331318265017052_n.png?oh=2adccfda7eea6e9c1b394d3d08afe0ff&oe=5B35B227";"Libero,Elit,Dolor,A,Venenatis,Non,Ligula,Consectetur,Justo,Non,Id,Ut,Erat,Ex,Suscipit"
"118838248177901_1510876215640757";118838248177901.000;"L'Oréal Paris";"This #WorldLipstickDay buy any L'Oréal Paris Lipstick on Jabong & get a Kajal Magique free! Shop now - http://bit.ly/2v4faMh";"photo";"https://www.facebook.com/lorealparisindia/photos/a.145773232151069.27999.118838248177901/1510876215640757/?type=3";"https://scontent.xx.fbcdn.net/v/t1.0-9/20374300_1510876215640757_790990037651542972_n.png?oh=ecc7bd3d027d2b16c5ce73d892dfa967&oe=5B395FCF";"Ex,Nec,Nibh,Ut,Non,Maximus,Mattis,Venenatis,Finibus,Orci,Ipsum,Elit,Luctus,Erat,Sed"
"118838248177901_1508629732532072";118838248177901.000;"L'Oréal Paris";"And the Winner is...
Shonali Bangia - Congratulations! 😊 from Loreal Paris India for #AmazonMakeMyDay with #MyLorealParis. Please Inbox your contact details and we'll get in touch with you for your Prize. 💌";"status";"NA";"NA";"NA"
"118838248177901_1502801736448205";118838248177901.000;"L'Oréal Paris";"Make the most of #AmazonMakeMyDay with #LorealParisIndia. Get flat 25% off on L'Oreal Paris makeup from 8pm-11pm. 
Shop now : amzn.to/2uF0wdQ";"photo";"https://www.facebook.com/lorealparisindia/photos/a.145773232151069.27999.118838248177901/1502801736448205/?type=3";"https://scontent.xx.fbcdn.net/v/t1.0-9/20108482_1502801736448205_3724130819602529520_n.png?oh=37c032737bb7b3a0d12bcd4db9cc17bb&oe=5B34C081";"Lorem,Blandit,Sem,Suspendisse,Facilisi,Facilisis,Non,Aliquet,Feugiat,Ex,Dolor,Diam,A,Ultricies,Faucibus"
"118838248177901_1502694643125581";118838248177901.000;"L'Oréal Paris";"It's giveaway time!
All you have to do is answer the question and you could be the lucky ones to win Amazon vouchers worth Rs.1000.
Comment using #MyLOrealParis with your favorite product name.";"photo";"https://www.facebook.com/lorealparisindia/photos/a.145773232151069.27999.118838248177901/1502694643125581/?type=3";"https://scontent.xx.fbcdn.net/v/t1.0-9/20228241_1502694643125581_1798524856855385969_n.png?oh=b3c2084cfdaecc388029ae6756044b27&oe=5B3594BE";"Nisi,Non,Tempor,Ex,Maximus,Posuere,Velit,Semper,Congue,Scelerisque,Curabitur,Suscipit,Mollis,Enim,Molestie"
"118838248177901_1502600633134982";118838248177901.000;"L'Oréal Paris";"#amazonMakeMyDay with #LorealParisIndia is here!! Start shopping for your favourite L'Oréal Paris makeup here :  http://amzn.to/2uF0wdQ";"photo";"https://www.facebook.com/lorealparisindia/photos/a.145773232151069.27999.118838248177901/1502600633134982/?type=3";"https://scontent.xx.fbcdn.net/v/t1.0-9/20155605_1502600633134982_1907773418036472800_n.png?oh=4110b87390202645839a798bc9cfcaa4&oe=5B34236C";"Justo,Suscipit,Mollis,Luctus,Sapien,Nam,Aliquam,Est,Aliquam,Velit,Euismod,Dictum,Amet,Malesuada,Libero"
"118838248177901_1499858076742571";118838248177901.000;"L'Oréal Paris";"Catching up with your BFF, painting your nails, sipping on a smoothie or chilling in your own way? Tell us what you do while you #InstaDetox with L'Oréal Paris Pure Clay Mask and wait for your mask to dry. Exciting prizes to be won!";"photo";"https://www.facebook.com/lorealparisindia/photos/a.145773232151069.27999.118838248177901/1499857836742595/?type=3";"https://scontent.xx.fbcdn.net/v/t1.0-9/20031697_1499857836742595_986283756726815494_n.png?oh=f179a23f06c06a7ed7e4470db72fe77d&oe=5B3D50D7";"A,Mattis,Non,Semper,Cursus,Ac,Luctus,Dolor,Amet,Non,Enim,Nisi,Erat,Nec,Elit"
"118838248177901_1474638195931226";118838248177901.000;"L'Oréal Paris";"NA";"photo";"https://www.facebook.com/lorealparisindia/photos/a.323477557713968.73531.118838248177901/1474638075931238/?type=3";"https://scontent.xx.fbcdn.net/v/t1.0-9/19260357_1474638075931238_7546180473832178154_n.png?oh=4f033addeb112576355e6ba3e581a097&oe=5B47F6D2";"Nibh,Ultrices,Nibh,Maximus,Nisi,Posuere,Aliquam,Interdum,Sollicitudin,Donec,Nam,Libero,Ipsum,Egestas,Tempus"
"118838248177901_1444828065578906";118838248177901.000;"L'Oréal Paris";"Aishwarya looked ravishing in Color Riche Moist Mat - Black Cherry on her second red carpet appearance. Get her look today - http://bit.ly/2rqfqU7";"photo";"https://www.facebook.com/lorealparisindia/photos/a.145773232151069.27999.118838248177901/1444828065578906/?type=3";"https://scontent.xx.fbcdn.net/v/t1.0-9/18697966_1444828065578906_8395750470197989209_n.png?oh=2b5c1740332858281a1303097f9a4ec3&oe=5B4C41B1";"Pellentesque,Malesuada,Quis,Ultricies,Justo,Volutpat,Libero,Elementum,At,Sem,Aliquet,Imperdiet,Nec,Nibh,Ultricies"
"118838248177901_1443384529056593";118838248177901.000;"L'Oréal Paris";"Gorgeous in gold! Sonam Kapoor in Tint Caresse Sakura Blossom and True Match Lumi Highlighter Powder in gold #LifeAtCannes";"photo";"https://www.facebook.com/lorealparisindia/photos/a.145773232151069.27999.118838248177901/1443384529056593/?type=3";"https://scontent.xx.fbcdn.net/v/t1.0-9/18620013_1443384529056593_7510292321137643781_n.jpg?oh=001c9c5369946953399ee93a1b91aeb6&oe=5B4A1885";"At,Non,Lorem,Sollicitudin,Euismod,Mollis,Gravida,Non,Luctus,Sagittis,Enim,Cursus,Tempor,Id,Aliquet"
"118838248177901_1442796572448722";118838248177901.000;"L'Oréal Paris";"Sonam Kapoor looks gorgeous in gold and slays the red carpet yet again! Get her look now - http://bit.ly/2pYHBVq #LifeAtCannes";"photo";"https://www.facebook.com/lorealparisindia/photos/a.145773232151069.27999.118838248177901/1442796572448722/?type=3";"https://scontent.xx.fbcdn.net/v/t31.0-8/18623249_1442796572448722_1856501637753458438_o.jpg?oh=656d5a7154537d27ecd8c22a84d95ad4&oe=5B3893D7";"Potenti,Nisi,Ex,Fermentum,Justo,Vel,Egestas,Nam,Curabitur,Vitae,Lectus,Cras,Mattis,Non,Consequat"
"118838248177901_1442780162450363";118838248177901.000;"L'Oréal Paris";"Sonam Kapoor is an absolute delight to the eye on her second red-carpet appearance. Shop her look today - http://bit.ly/2pYHBVq";"photo";"https://www.facebook.com/lorealparisindia/photos/a.145773232151069.27999.118838248177901/1442780162450363/?type=3";"https://scontent.xx.fbcdn.net/v/t31.0-8/18588769_1442780162450363_3427807675985693737_o.jpg?oh=cdebb7b03b9ae7ea7e861f6946960448&oe=5B375FF5";"At,Nulla,Sapien,Libero,Nulla,Enim,Libero,Consectetur,Non,Non,Integer,Vel,Blandit,Velit,Donec"
"118838248177901_1442742699120776";118838248177901.000;"L'Oréal Paris";"L'Oréalistas galore! #LifeAtCannes";"photo";"https://www.facebook.com/lorealparisindia/photos/a.145773232151069.27999.118838248177901/1442742699120776/?type=3";"https://scontent.xx.fbcdn.net/v/t31.0-8/18623207_1442742699120776_5316815781143098125_o.jpg?oh=fc29bb5ff2f7c6957cbdbe2b23a88089&oe=5B472890";"Nulla,Integer,Nec,Enim,Mauris,At,Vestibulum,Tempor,Curabitur,Faucibus,Sit,Aliquam,A,Iaculis,Quis"
"118838248177901_1442741209120925";118838248177901.000;"L'Oréal Paris";"Sonam Kapoor glows on the red carpet in Tint Caresse Sakura Blossom, True Match Lumi Gold Highlighter Powder and La Palette Gold #LifeAtCannes";"photo";"https://www.facebook.com/lorealparisindia/photos/a.145773232151069.27999.118838248177901/1442741209120925/?type=3";"https://scontent.xx.fbcdn.net/v/t31.0-8/18588722_1442741209120925_6516720135461616405_o.jpg?oh=c128378b3952e6d5beda9aa2d83fd866&oe=5B4D3453";"Nam,Lorem,Et,Eros,Nulla,Suscipit,Sed,Faucibus,Aenean,Imperdiet,Enim,Imperdiet,Diam,Augue,Luctus"
"118838248177901_1442688235792889";118838248177901.000;"L'Oréal Paris";"Sonam Kapoor looks simply flawless in the Color Riche Moist Mat Blaze of Red, True Match Lumi Gold Powder Highlighter and La Palette Gold. Shop her look now - http://bit.ly/2q92jCV";"photo";"https://www.facebook.com/lorealparisindia/photos/a.145773232151069.27999.118838248177901/1442688235792889/?type=3";"https://scontent.xx.fbcdn.net/v/t31.0-8/18620746_1442688235792889_6842600119006701952_o.jpg?oh=c2bc06d60792e3ff12a05a42cef83013&oe=5B3FA676";"Id,Metus,Nibh,Mattis,Molestie,Luctus,Lectus,Non,Molestie,Aliquam,Consectetur,Egestas,Facilisi,Sem,Dolor"
"118838248177901_1442632785798434";118838248177901.000;"L'Oréal Paris";"Sonam Kapoor looks as fresh as the French Riviera in the Superliner Perfect Slim Blue, La Palette Gold and Superstar Mascara. Get her look today - http://bit.ly/2q92jCV #LifeAtCannes";"photo";"https://www.facebook.com/lorealparisindia/photos/a.145773232151069.27999.118838248177901/1442632785798434/?type=3";"https://scontent.xx.fbcdn.net/v/t1.0-9/18581702_1442632785798434_8240057088841413417_n.png?oh=9d6e3fe9e0d04fb125deeae5abd5a2ad&oe=5B49E75C";"Enim,Turpis,Non,Et,Auctor,A,Sed,Dui,Nibh,Ultrices,Eros,Tortor,Scelerisque,Faucibus,Dictum"
"118838248177901_1442547792473600";118838248177901.000;"L'Oréal Paris";"Sonam Kapoor looks effervescently elegant on her first red carpet appearance at Cannes. Shop her look today - http://bit.ly/2qLxTtq";"photo";"https://www.facebook.com/lorealparisindia/photos/a.145773232151069.27999.118838248177901/1442547792473600/?type=3";"https://scontent.xx.fbcdn.net/v/t1.0-9/18581955_1442547792473600_6074950648230550557_n.png?oh=c3c0d24a4a1ad7a34fe6771a21d7f55c&oe=5B40CD1B";"Donec,Tortor,Luctus,Faucibus,Ut,Ante,Nunc,Vel,Sed,Augue,Elit,Bibendum,Luctus,Nam,Sed"
"118838248177901_1442463955815317";118838248177901.000;"L'Oréal Paris";"Pastel perfection. #SonamAtCannes #LifeAtCannes";"photo";"https://www.facebook.com/lorealparisindia/photos/a.145773232151069.27999.118838248177901/1442463955815317/?type=3";"https://scontent.xx.fbcdn.net/v/t1.0-9/18671142_1442463955815317_6478780478353595238_n.png?oh=8d7a8da696542cb7576092479ae655cb&oe=5B32C319";"Dui,Semper,Hendrerit,Nullam,Eros,Leo,Dui,Facilisis,Ut,Suscipit,Suspendisse,Non,Semper,Nulla,Suscipit"
"118838248177901_1442461622482217";118838248177901.000;"L'Oréal Paris";"Rose gold dream. 🌹 Get Sonam Kapoor's red carpet look here - http://bit.ly/2qLxTtq";"photo";"https://www.facebook.com/lorealparisindia/photos/a.145773232151069.27999.118838248177901/1442461622482217/?type=3";"https://scontent.xx.fbcdn.net/v/t1.0-9/18582486_1442461622482217_5440196150211338345_n.png?oh=6d17ae49de9ed4e822f0f364742d8079&oe=5B3DC1E4";"Sed,Velit,Bibendum,Libero,Consectetur,Ex,Vel,Donec,Libero,Consectetur,Sem,Eu,Non,Facilisis,Facilisis"
"118838248177901_1441850119210034";118838248177901.000;"L'Oréal Paris";"We're completely enchanted by Sonam Kapoor's red carpet tonight. Tell us what you think! #LifeAtCannes";"photo";"https://www.facebook.com/lorealparisindia/photos/a.145773232151069.27999.118838248177901/1441850119210034/?type=3";"https://scontent.xx.fbcdn.net/v/t31.0-8/18556728_1441850119210034_129612726570832863_o.jpg?oh=62bc2a16d373b5633e84c609e427a585&oe=5B2F1FAD";"Lorem,Ullamcorper,Placerat,Sed,A,Non,Vulputate,Interdum,Non,Hendrerit,Ut,Lacinia,Diam,Ex,Integer"
"118838248177901_1441838499211196";118838248177901.000;"L'Oréal Paris";"It's raining rose gold with Sonam Kapoor in True Match Lumi liquid highlighter in Rose and Tint Caresse Rose + Peach Blossom #LifeAtCannes";"photo";"https://www.facebook.com/lorealparisindia/photos/a.145773232151069.27999.118838248177901/1441838499211196/?type=3";"https://scontent.xx.fbcdn.net/v/t1.0-9/18670893_1441838499211196_2784346806675788237_n.jpg?oh=ea4f4ddd0385a2e642aef571935cc39b&oe=5B00D87C";"Phasellus,At,Nisi,Nec,Augue,Cras,Eros,Eros,At,Fringilla,Iaculis,Justo,Id,Viverra,Quis"
"118838248177901_1441836932544686";118838248177901.000;"L'Oréal Paris";"Blushing like 🌹 in True Match Lumi Liquid Highlighter in Rose and Tint Caresse Rose Blossom + Peach Blossom. #SonamAtCannes #LifeAtCannes";"photo";"https://www.facebook.com/lorealparisindia/photos/a.145773232151069.27999.118838248177901/1441836932544686/?type=3";"https://scontent.xx.fbcdn.net/v/t1.0-9/18582462_1441836932544686_5814497049673733864_n.jpg?oh=5fa3cd8bf3c3eecf966d4d98d08b2480&oe=5B017C69";"Enim,Nunc,Eget,Suscipit,Tempus,Euismod,Ut,Pulvinar,Justo,Libero,Gravida,Suscipit,Orci,Dui,Cras"
"118838248177901_1441785562549823";118838248177901.000;"L'Oréal Paris";"Sonam Kapoor looking as radiant as ever in her True Match Lumi Highlighter in Rose";"photo";"https://www.facebook.com/lorealparisindia/photos/a.145773232151069.27999.118838248177901/1441785562549823/?type=3";"https://scontent.xx.fbcdn.net/v/t31.0-8/18558920_1441785562549823_3196327758943096575_o.jpg?oh=3d4f7eb277e70472aad8f80cbe369290&oe=5B4C185E";"Maecenas,Mauris,Donec,Sed,Sollicitudin,Dui,Non,Sed,Iaculis,Nibh,Maximus,Ultrices,Rutrum,Phasellus,Lobortis"
"118838248177901_1441766329218413";118838248177901.000;"L'Oréal Paris";"Flawless in Tint Caresse Rose Blossom blended in Tint Caresse Peach Blossom and True Match Lumi Liquid Highlighter in Rose #LifeAtCannes";"photo";"https://www.facebook.com/lorealparisindia/photos/a.145773232151069.27999.118838248177901/1441766329218413/?type=3";"https://scontent.xx.fbcdn.net/v/t31.0-8/18588970_1441766329218413_3755005862964741324_o.jpg?oh=2a1e8b06e87dddc59c0875a8be33ac3a&oe=5B4BB932";"Hendrerit,Cursus,Maecenas,Vitae,Est,Gravida,Pellentesque,Facilisis,Lorem,Massa,Elit,Sed,Dapibus,Luctus,Libero"
"118838248177901_1441754359219610";118838248177901.000;"L'Oréal Paris";"Sonam Kapoor looks ravishing and all set to sparkle on the red carpet in Tint Caresse Rose Blossom blended with peach blossom, True Match Lumi Highlighter Liquid in Rose, La Palette Gold and Lumi powder rose";"photo";"https://www.facebook.com/lorealparisindia/photos/a.145773232151069.27999.118838248177901/1441754359219610/?type=3";"https://scontent.xx.fbcdn.net/v/t31.0-8/18556687_1441754359219610_1199187292218017987_o.jpg?oh=633bf8e973c9bf4d7361a511dbf2bf23&oe=5B319C76";"Viverra,Eget,Vel,Malesuada,Scelerisque,Et,Sem,In,Molestie,Erat,Luctus,Auctor,Feugiat,Augue,Sollicitudin"
"118838248177901_1441725755889137";118838248177901.000;"L'Oréal Paris";"Catch the gorgeous Sonam Kapoor live from the red carpet tonight! Stay tuned and witness #LifeAtCannes";"photo";"https://www.facebook.com/lorealparisindia/photos/a.145773232151069.27999.118838248177901/1441725755889137/?type=3";"https://scontent.xx.fbcdn.net/v/t31.0-8/18588774_1441725755889137_6603529081992103258_o.jpg?oh=5a23823d60ba6b44d6de1cf08e2e7cc2&oe=5B03A78C";"Suscipit,Hendrerit,Risus,Commodo,Suscipit,Erat,Ex,Luctus,Pellentesque,Enim,Est,Semper,Lorem,Sit,Nec"
"118838248177901_1441631275898585";118838248177901.000;"L'Oréal Paris";"Here's another stunning one by our #Lorealista Sonam Kapoor. We're excited to see her #LifeAtCannes, are you? #SonamAtCannes

Image Courtesy : House of Pixels";"photo";"https://www.facebook.com/lorealparisindia/photos/a.145773232151069.27999.118838248177901/1441631275898585/?type=3";"https://scontent.xx.fbcdn.net/v/t31.0-8/18588872_1441631275898585_7821626404292605281_o.jpg?oh=471a16ed43a0222701616f1c164f7a70&oe=5B3EF355";"Lobortis,Nibh,Volutpat,Curabitur,Ipsum,Eros,Ut,Ut,Tellus,Mi,Aliquet,Lacinia,Luctus,Augue,Nec"
"118838248177901_1441611802567199";118838248177901.000;"L'Oréal Paris";"Trust Sonam Kapoor to make it stunning every single time. #SonamAtCannes #LifeAtCannes";"photo";"https://www.facebook.com/lorealparisindia/photos/a.145773232151069.27999.118838248177901/1441611802567199/?type=3";"https://scontent.xx.fbcdn.net/v/t31.0-8/18556878_1441611802567199_7507469008106140780_o.jpg?oh=22a99eaf79911c4f353a2e79e3b0d28a&oe=5B4BDB4F";"Sagittis,A,Euismod,Aliquam,Commodo,Nam,Sed,Consequat,Integer,Imperdiet,Metus,Sodales,Sagittis,Iaculis,Vel"
"118838248177901_1440905149304531";118838248177901.000;"L'Oréal Paris";"Take a moment and pause to look at how gorgeous Aishwarya looks on her second red carpet appearance! #LifeAtCannes #AishwaryaAtCannes #Cannes2017";"photo";"https://www.facebook.com/lorealparisindia/photos/a.145773232151069.27999.118838248177901/1440905149304531/?type=3";"https://scontent.xx.fbcdn.net/v/t31.0-8/18527462_1440905149304531_2345013812401880185_o.jpg?oh=8fffcb2019f9f46596ff7a281c796567&oe=5B4B77DB";"Libero,Libero,Placerat,Molestie,Donec,Donec,Consectetur,Pulvinar,Augue,Molestie,Pellentesque,Bibendum,Interdum,Etiam,Consectetur"
"118838248177901_1440904295971283";118838248177901.000;"L'Oréal Paris";"Ravishing in red! Get this stunning red carpet look: Color Riche Moist Mat Black Cherry, True Match Lumi Highlighter Liquid in Rose, Superstar Mascara & La Palette Nude in Rose! #LifeAtCannes #AishwaryaAtCannes #CannesQueen #Cannes2017";"photo";"https://www.facebook.com/lorealparisindia/photos/a.145773232151069.27999.118838248177901/1440904295971283/?type=3";"https://scontent.xx.fbcdn.net/v/t31.0-8/18589145_1440904295971283_1597390705970184581_o.jpg?oh=3633c0f61a06290ac5a85069b001cc6c&oe=5B421BCF";"Cras,Imperdiet,Mi,Rutrum,Potenti,Consequat,Eu,A,Rutrum,Ac,Integer,Turpis,Nulla,Sed,Eget"
"118838248177901_1440744629320583";118838248177901.000;"L'Oréal Paris";"The ethereal beauty, Aishwarya Rai Bachchan stole the show at the Cannes Film Festival like never before. Get her latest look from the red carpet today - http://bit.ly/2pVPBv9";"photo";"https://www.facebook.com/lorealparisindia/photos/a.145773232151069.27999.118838248177901/1440744629320583/?type=3";"https://scontent.xx.fbcdn.net/v/t1.0-9/18581825_1440744629320583_5539769667305644922_n.png?oh=87651785e5a7b77095650cf10151c7e6&oe=5B4318D5";"Ultricies,Tellus,Aliquam,Molestie,Suscipit,Sollicitudin,Gravida,Luctus,Sapien,Amet,Dictum,Eros,Iaculis,Dictum,Consequat"
"118838248177901_1440644792663900";118838248177901.000;"L'Oréal Paris";"Embracing #LifeAtCannes in Color Riche Moist Mat Orange Power, Superliner Perfect Slim Blue, Lucent Magique Blush Paradise Coral";"photo";"https://www.facebook.com/lorealparisindia/photos/a.145773232151069.27999.118838248177901/1440644792663900/?type=3";"https://scontent.xx.fbcdn.net/v/t1.0-9/18557177_1440644792663900_5842527051955110126_n.png?oh=3afc5dbe13eb777b4113083be89e71fb&oe=5B46B944";"Sed,Libero,Amet,Non,Non,Venenatis,Mattis,Ac,Tortor,Vel,Mattis,Semper,Ante,Nulla,Consectetur"
"118838248177901_1440637835997929";118838248177901.000;"L'Oréal Paris";"Unveiling #AishwaryaRaiBachchan's sensational look from #Cannes2017 for today. #LifeAtCannes #AishwaryaAtCannes";"photo";"https://www.facebook.com/lorealparisindia/photos/a.145773232151069.27999.118838248177901/1440637835997929/?type=3";"https://scontent.xx.fbcdn.net/v/t1.0-9/18555952_1440637835997929_5239466424863225702_n.png?oh=90b2bf1ffe315d3c818a31535086b803&oe=5AFFBDF7";"Ac,Nisi,Sem,Potenti,Maecenas,Scelerisque,Viverra,Ac,Quis,Dignissim,Auctor,Suscipit,Fringilla,Elit,Scelerisque"
"118838248177901_1439974542730925";118838248177901.000;"L'Oréal Paris";"Get stunning eyes like Deepika Padukone with Lumi powder in gold for highlighter, Le Smoky smudged in Antique green and the Superstar mascara. Shop Now - http://bit.ly/2rz11Bk";"photo";"https://www.facebook.com/lorealparisindia/photos/a.145773232151069.27999.118838248177901/1439974542730925/?type=3";"https://scontent.xx.fbcdn.net/v/t1.0-9/18486178_1439974542730925_3058997826852801555_n.png?oh=e3f58c938676ce13b9c47d1c536da6f7&oe=5B3FD6A4";"Congue,Suspendisse,Mattis,Sapien,Aliquam,Mattis,Nisi,Non,Facilisi,Viverra,Suscipit,Justo,Nam,Finibus,Orci"
"118838248177901_1440065822721797";118838248177901.000;"L'Oréal Paris";"Cinderella has arrived 💕 and we are speechless. Aishwarya looks like an absolute dream come true in  Color Riche Moist Mat Brown Sucre, True Match Lumi Highlighter Powder in Gold, La Palette Nude in Beige, Super Liner Gel Intenza Profound Black and Volume Million Lashes Mascara!
#AishwaryaAtCannes #LifeAtCannes #CannesQueen";"photo";"https://www.facebook.com/lorealparisindia/photos/a.145773232151069.27999.118838248177901/1440065822721797/?type=3";"https://scontent.xx.fbcdn.net/v/t31.0-8/18491517_1440065822721797_7669621170865482358_o.jpg?oh=c1e6d040b94316bef66a8a23272eaaca&oe=5B067601";"Pulvinar,Pellentesque,Dui,Sollicitudin,Sagittis,Dapibus,Nunc,Eros,Velit,Nibh,Volutpat,Semper,Semper,Auctor,Rhoncus"
"118838248177901_1440052552723124";118838248177901.000;"L'Oréal Paris";"Hello Cinderella 😍😍😍 
#AishwaryaAtCannes ready to stun the entire red carpet! #LifeAtCannes";"photo";"https://www.facebook.com/lorealparisindia/photos/a.145773232151069.27999.118838248177901/1440052552723124/?type=3";"https://scontent.xx.fbcdn.net/v/t1.0-9/18557018_1440052552723124_5141450459165514657_n.jpg?oh=ada1d91330b8781d10988db4ac2bb128&oe=5B49CCF6";"Ut,Imperdiet,Aliquam,Lectus,Rutrum,Luctus,Diam,Hendrerit,Ultricies,Diam,Enim,Luctus,Cras,Suspendisse,Lobortis"
"118838248177901_1440037716057941";118838248177901.000;"L'Oréal Paris";"Cinderella moment  live at Cannes #lifeatcannes";"status";"NA";"NA";"NA"
"118838248177901_1439972809397765";118838248177901.000;"L'Oréal Paris";"The goddess of beauty is all set to live her #LifeAtCannes! Get Aishwarya's gorgeous day look today - http://bit.ly/2qZCHwl";"photo";"https://www.facebook.com/lorealparisindia/photos/a.145773232151069.27999.118838248177901/1439972809397765/?type=3";"https://scontent.xx.fbcdn.net/v/t1.0-9/18557434_1439972809397765_7212141648562411410_n.png?oh=090a046e6f6248d92fa29859aa598cda&oe=5B3C3116";"Vel,Congue,Luctus,Vulputate,Venenatis,Eros,Ipsum,Auctor,Lectus,Nibh,Nulla,Eget,Vel,Mi,Eu"
"118838248177901_1439968822731497";118838248177901.000;"L'Oréal Paris";"When at Cannes, pose and pout 😘 #LifeAtCannes #AishwaryaAtCannes #CannesQueen";"photo";"https://www.facebook.com/lorealparisindia/photos/a.145773232151069.27999.118838248177901/1439968822731497/?type=3";"https://scontent.xx.fbcdn.net/v/t1.0-9/18582238_1439968822731497_1898317335655515965_n.png?oh=c9042c212b59f787957a6cd697dbeb80&oe=5B0671F5";"Vulputate,Malesuada,Mauris,Vel,Mattis,Feugiat,Ultricies,Enim,Erat,Faucibus,Non,Aenean,Fermentum,Elit,Ut"
"118838248177901_1439968182731561";118838248177901.000;"L'Oréal Paris";"Sitting pretty and living the #LifeAtCannes 💕 #CannesQueen #AishwaryaAtCannes #CannesFilmFestival";"photo";"https://www.facebook.com/lorealparisindia/photos/a.145773232151069.27999.118838248177901/1439968182731561/?type=3";"https://scontent.xx.fbcdn.net/v/t1.0-9/18555942_1439968182731561_3866737710025860597_n.png?oh=2c5a2f7bafbf8e009bdbcb582bcb5605&oe=5B3E15E9";"Lectus,At,Congue,Sed,Augue,Libero,Fermentum,Velit,Hendrerit,Euismod,Augue,Dolor,Lectus,Hendrerit,Dui"
"118838248177901_1439927022735677";118838248177901.000;"L'Oréal Paris";"When you have to take a moment and look at the view 😍 #CannesQueen #LifeAtCannes #AishwaryaAtCannes";"photo";"https://www.facebook.com/lorealparisindia/photos/a.145773232151069.27999.118838248177901/1439927022735677/?type=3";"https://scontent.xx.fbcdn.net/v/t1.0-9/18557175_1439927022735677_5451447421960069178_n.jpg?oh=588790b57818388c41351786beba7b89&oe=5B392479";"Nam,Ut,Enim,Nulla,Donec,Sit,Orci,Dui,Est,Ante,Luctus,Sem,Nibh,Vel,Ex"
"118838248177901_1439918966069816";118838248177901.000;"L'Oréal Paris";"Sungazing with #AishwaryaRaiBachchan #LifeAtCannes #CannesQueen";"photo";"https://www.facebook.com/lorealparisindia/photos/a.145773232151069.27999.118838248177901/1439918966069816/?type=3";"https://scontent.xx.fbcdn.net/v/t1.0-9/18519980_1439918966069816_7062697525995493677_n.jpg?oh=52fe6ae6975d4fb7aea6d16ad3c960be&oe=5B3DFF1A";"Aliquet,Posuere,Massa,Sagittis,Adipiscing,Non,Eros,Quis,Ligula,Maximus,Justo,Aliquam,Ut,Risus,Phasellus"
"118838248177901_1439879142740465";118838248177901.000;"L'Oréal Paris";"Sun, sand and our queen in Cannes! What more can we ask for 😍 #AishwaryaRaiBachchan #LifeAtCannes #CannesQueen #AishwaryaAtCannes";"photo";"https://www.facebook.com/lorealparisindia/photos/a.145773232151069.27999.118838248177901/1439879142740465/?type=3";"https://scontent.xx.fbcdn.net/v/t1.0-9/18486054_1439879142740465_1012985303393969974_n.png?oh=79c4b35283cfae5a6878813fbd7c8558&oe=5B31AE5A";"Nec,Lacinia,Facilisis,A,Curabitur,Erat,Phasellus,Donec,Ut,Donec,Diam,Praesent,Nulla,Sem,Sodales"
"118838248177901_1439823866079326";118838248177901.000;"L'Oréal Paris";"The goddess of beauty is all set to live her #LifeAtCannes! 
 Lips 💄: Tint Caresse in Rose Blossom blended with Orchid Blossom";"photo";"https://www.facebook.com/lorealparisindia/photos/a.145773232151069.27999.118838248177901/1439823866079326/?type=3";"https://scontent.xx.fbcdn.net/v/t1.0-9/18581965_1439823866079326_5693140411475952670_n.png?oh=b56aa6fc3583b184cf63eafa69fe31af&oe=5B3BAB7D";"Commodo,Massa,Non,Aliquam,Ante,Quis,Diam,Leo,Pulvinar,Venenatis,Eros,Vestibulum,Vel,Felis,Rhoncus"
"118838248177901_1439823419412704";118838248177901.000;"L'Oréal Paris";"Redefining beauty and grace! She takes our breath away each time! #AishwaryaAtCannes #LifeAtCannes #CannesFilmFestival #Cannes2017";"photo";"https://www.facebook.com/lorealparisindia/photos/a.145773232151069.27999.118838248177901/1439823419412704/?type=3";"https://scontent.xx.fbcdn.net/v/t1.0-9/18581903_1439823419412704_7999148135452826375_n.png?oh=2aca1a91ff8372822c1fa18ab705690a&oe=5B45333F";"Tellus,Neque,Ullamcorper,Auctor,Eget,Nisi,Tempor,Justo,Malesuada,Posuere,Pellentesque,Nam,Sagittis,Cras,Congue"
"118838248177901_1439694792758900";118838248177901.000;"L'Oréal Paris";"Throwback to Deepika Padukone's gorgeous makeup Decode: Tint caresse Plum Blossom, True Match Lumi Powder Highlighter in Gold, La Palette Nude in beige #LifeAtCannes

Image Courtesy: The Asian Weekly";"photo";"https://www.facebook.com/lorealparisindia/photos/a.145773232151069.27999.118838248177901/1439694792758900/?type=3";"https://scontent.xx.fbcdn.net/v/t31.0-8/18589096_1439694792758900_8947110496192707920_o.jpg?oh=28ded2c37668a7404e6eea060f996979&oe=5B4BF1E3";"A,Et,Libero,Non,Rutrum,Placerat,Mi,Enim,Nulla,Lorem,Elit,Eget,Maximus,Condimentum,Justo"
"118838248177901_1439208239474222";118838248177901.000;"L'Oréal Paris";"Deepika Padukone exudes exquisite charm and stuns the red carpet yet again. Stay tuned to experience #lifeatcannes";"photo";"https://www.facebook.com/lorealparisindia/photos/a.145773232151069.27999.118838248177901/1439208239474222/?type=3";"https://scontent.xx.fbcdn.net/v/t1.0-9/18582070_1439208239474222_8994339009946372109_n.png?oh=14c63798ae605e4b6ac4034dbc1dfdb6&oe=5B38C051";"Finibus,Orci,Ullamcorper,Dignissim,Metus,At,At,Gravida,Tincidunt,Nam,Non,Volutpat,Imperdiet,Diam,Enim"
"118838248177901_1438989909496055";118838248177901.000;"L'Oréal Paris";"A smile that's brighter than the sun! Deepika Padukone acing the Tint Caresse - Tulip Blossom #LifeAtCannes";"photo";"https://www.facebook.com/lorealparisindia/photos/a.145773232151069.27999.118838248177901/1438989909496055/?type=3";"https://scontent.xx.fbcdn.net/v/t1.0-9/18582219_1438989909496055_1961104136307838876_n.png?oh=f2e07dd4214ee8a1b75fdcbd891c74dc&oe=5B37E538";"Eros,Orci,Quis,Nisl,Non,Ex,Malesuada,Risus,Integer,Suspendisse,Sapien,Nibh,Sagittis,Efficitur,Tincidunt"
"118838248177901_1438917169503329";118838248177901.000;"L'Oréal Paris";"Elle Fanning makes a striking debut with the Color Riche Moist Mat Pure Amaranthe, Super Liner Black Lacquer, Brow Artist Genius and Lucent Magique Fuschia Flush. Get her look now - http://bit.ly/2ruovZ1";"photo";"https://www.facebook.com/lorealparisindia/photos/a.145773232151069.27999.118838248177901/1438917169503329/?type=3";"https://scontent.xx.fbcdn.net/v/t1.0-9/18527708_1438917169503329_5241964652872286726_n.png?oh=9b9f5f1764b2ba9ff074263eaeea590d&oe=5B037ECA";"Eros,Gravida,Semper,Augue,Malesuada,At,Dolor,Dictum,Et,Eros,Ac,Diam,Cras,Malesuada,Nec"
"118838248177901_1438887266172986";118838248177901.000;"L'Oréal Paris";"The stunning Deepika Padukone all set for day two of #LifeAtCannes";"photo";"https://www.facebook.com/lorealparisindia/photos/a.145773232151069.27999.118838248177901/1438887266172986/?type=3";"https://scontent.xx.fbcdn.net/v/t1.0-9/18485665_1438887266172986_5361351070235544038_n.png?oh=a72eb16198a76542d19b6c01b79c6e32&oe=5B4B950D";"Massa,Libero,Facilisi,Mi,Lorem,A,Ante,Aliquam,Tellus,Feugiat,Quis,Ipsum,Donec,Eu,Pellentesque"
"118838248177901_1438885389506507";118838248177901.000;"L'Oréal Paris";"The artist and her muse making magic! The ValGarland with the stunning Deepika Padukone";"photo";"https://www.facebook.com/lorealparisindia/photos/a.145773232151069.27999.118838248177901/1438885389506507/?type=3";"https://scontent.xx.fbcdn.net/v/t1.0-9/18486201_1438885389506507_7071906495800599599_n.png?oh=2cc94e4cf1a918f94528958fddf5855b&oe=5B46372E";"Lorem,At,Luctus,Suscipit,Eget,Justo,Eros,Dolor,Lorem,Quis,Tempus,Curabitur,Aliquam,Sed,Nibh"
"118838248177901_1438882439506802";118838248177901.000;"L'Oréal Paris";"Beauty for breakfast with a stunning view! The gorgeous Deepika Padukone living #lifeatcannes indeed";"photo";"https://www.facebook.com/lorealparisindia/photos/a.145773232151069.27999.118838248177901/1438882439506802/?type=3";"https://scontent.xx.fbcdn.net/v/t1.0-9/18519453_1438882439506802_7765813804052742697_n.png?oh=4263667356a61fd42d12d1bc8201446a&oe=5B48873B";"Dolor,Congue,Suspendisse,Ut,Hendrerit,Ligula,Tincidunt,Tempor,Enim,Placerat,Est,At,Lectus,Mattis,Lacinia"
"118838248177901_1438873649507681";118838248177901.000;"L'Oréal Paris";"Winning in wine! Deepika Padukone stealing the show at Cannes film festival. Get her look now - http://bit.ly/2pYHBVq";"photo";"https://www.facebook.com/lorealparisindia/photos/a.145773232151069.27999.118838248177901/1438873649507681/?type=3";"https://scontent.xx.fbcdn.net/v/t1.0-9/18527935_1438873649507681_3963185490031527566_n.png?oh=3753136c08437dd0cf7456948b5e99b5&oe=5B03D480";"Imperdiet,Malesuada,Facilisis,Massa,A,Vel,Efficitur,Aliquam,A,Nibh,Justo,Scelerisque,Ut,Velit,At"
"118838248177901_1438871712841208";118838248177901.000;"L'Oréal Paris";"The ethereal enchantress! Make way for our L'Oréalista Deepika Padukone as she takes on the red carpet with absolute ease. Get her look here - http://bit.ly/2pYHBVq";"photo";"https://www.facebook.com/lorealparisindia/photos/a.145773232151069.27999.118838248177901/1438871712841208/?type=3";"https://scontent.xx.fbcdn.net/v/t1.0-9/18485890_1438871712841208_5322896000312272707_n.png?oh=9cd62e5ce1f249d4fd557fbf104b5924&oe=5B324A2A";"Rhoncus,Suscipit,Eros,Euismod,Nibh,Tempor,Nam,Bibendum,Augue,Aliquet,Consectetur,Iaculis,A,Rutrum,Aliquam"
"118838248177901_1438867866174926";118838248177901.000;"L'Oréal Paris";"Get Deepika Padukone's gorgeous red carpet look from her Cannes Debut today! Shop now - http://bit.ly/2pYHBVq";"photo";"https://www.facebook.com/lorealparisindia/photos/a.145773232151069.27999.118838248177901/1438867866174926/?type=3";"https://scontent.xx.fbcdn.net/v/t1.0-9/18620151_1438867866174926_481390736697639099_n.png?oh=594b2dcfaacdecf2068618819a2000ae&oe=5B478813";"Lorem,A,Non,Rutrum,Sollicitudin,Sodales,Augue,Curabitur,Vestibulum,Elementum,Ornare,Erat,Eu,Semper,Viverra"
"118838248177901_1438867659508280";118838248177901.000;"L'Oréal Paris";"Get Deepika Padukone's gorgeous red carpet look from her Cannes Debut today! Shop now - http://bit.ly/2pYHBVq";"status";"NA";"NA";"NA"
"118838248177901_1438867656174947";118838248177901.000;"L'Oréal Paris";"Get Deepika Padukone's gorgeous red carpet look from her Cannes Debut today! Shop now - http://bit.ly/2pYHBVq";"status";"NA";"NA";"NA"
"118838248177901_1438352489559797";118838248177901.000;"L'Oréal Paris";"Deepika Padukone looks breathtaking as she soaks up the sun by the French riviera. Get her #LifeAtCannes look now - http://bit.ly/2rqralC";"photo";"https://www.facebook.com/lorealparisindia/photos/a.145773232151069.27999.118838248177901/1438352489559797/?type=3";"https://scontent.xx.fbcdn.net/v/t1.0-9/18557519_1438352489559797_3782308833024846120_n.png?oh=7dd4e50bc2bd476342f3ba4751a07fee&oe=5B456923";"Lectus,Ut,Erat,Viverra,Libero,Imperdiet,Velit,Lacinia,Semper,Egestas,Ante,Blandit,Iaculis,Consequat,Amet"
"118838248177901_1438333342895045";118838248177901.000;"L'Oréal Paris";"Deepika Padukone slaying the L'Oréal Infallible Silkissme True Teal eyeliner. Isn't she absolutely flawless? Get her #LifeAtCannes look now - http://bit.ly/2rqralC";"photo";"https://www.facebook.com/lorealparisindia/photos/a.145773232151069.27999.118838248177901/1438333342895045/?type=3";"https://scontent.xx.fbcdn.net/v/t1.0-9/18485829_1438333342895045_8265385739879458313_n.png?oh=a131d4f54dcdb42372aafe5365ceeb0a&oe=5B37E5BD";"Ex,Pellentesque,Ante,Suspendisse,Vitae,Elit,Fringilla,A,Iaculis,Non,Dapibus,Neque,Mi,Elit,Posuere"
"118838248177901_1438332869561759";118838248177901.000;"L'Oréal Paris";"#LifeAtCannes is also about some lighter moments. Deepika Padukone smiling away while experiencing #LifeAtCannes with L'Oréal Paris!";"photo";"https://www.facebook.com/lorealparisindia/photos/a.145773232151069.27999.118838248177901/1438332869561759/?type=3";"https://scontent.xx.fbcdn.net/v/t1.0-9/18557117_1438332869561759_1377736649714103180_n.png?oh=069a3c4e0cc457cfdb726c62c0bb380e&oe=5B0555AF";"Sagittis,Donec,Leo,Placerat,Libero,Sed,Non,Sit,Sodales,Risus,Ex,Vitae,Integer,Tellus,Enim"
"118838248177901_1438332309561815";118838248177901.000;"L'Oréal Paris";"Mesmerising moment of beauty. Deepika Padukone stuns in this beautifully candid picture. #LifeAtCannes";"photo";"https://www.facebook.com/lorealparisindia/photos/a.145773232151069.27999.118838248177901/1438332309561815/?type=3";"https://scontent.xx.fbcdn.net/v/t1.0-9/18519892_1438332309561815_1592662429338879613_n.png?oh=fb7b1cc8abbc7c2c56d4405b32a7600b&oe=5B33A117";"Eu,Libero,Diam,Enim,Suspendisse,Nibh,Cursus,Imperdiet,Eget,Et,Sapien,Diam,A,Imperdiet,Eget"
"118838248177901_1438331052895274";118838248177901.000;"L'Oréal Paris";"It's all in the details. Team L'Oréal Paris doing what they do best. Turning beautiful into extraordinary! #LifeAtCannes";"photo";"https://www.facebook.com/lorealparisindia/photos/a.145773232151069.27999.118838248177901/1438331052895274/?type=3";"https://scontent.xx.fbcdn.net/v/t1.0-9/18527722_1438331052895274_1464343701020344099_n.png?oh=5c77eeab2112b010df8712d74e8a4ed7&oe=5B4DEEA5";"Est,Quis,Non,Sagittis,Diam,A,Sit,Erat,Commodo,Nec,Justo,Nulla,Libero,Condimentum,Eu"
"118838248177901_1438286506233062";118838248177901.000;"L'Oréal Paris";"Get Deepika Padukone's stunning look from her Cannes Debut today! Shop Now - http://bit.ly/2rqralC";"photo";"https://www.facebook.com/lorealparisindia/photos/a.145773232151069.27999.118838248177901/1438286506233062/?type=3";"https://scontent.xx.fbcdn.net/v/t1.0-9/18447468_1438286506233062_8729873289842806731_n.png?oh=49a506102af9a9f74e7b7b625d8d5704&oe=5B41C2BF";"Scelerisque,Libero,In,Sed,Curabitur,Vel,Neque,At,Consectetur,Enim,Commodo,Dapibus,Cras,A,Sodales"
"118838248177901_1438052469589799";118838248177901.000;"L'Oréal Paris";"Join us on @lorealmakeup on Instagram and experience #lifeatcannes through the eyes of the gorgeous Deepika Padukone";"photo";"https://www.facebook.com/lorealparisindia/photos/a.145773232151069.27999.118838248177901/1438052469589799/?type=3";"https://scontent.xx.fbcdn.net/v/t1.0-9/18519813_1438052469589799_602545942639412692_n.jpg?oh=f5e57adc8bbda8a41c33fff288b14aed&oe=5B4012EF";"Vel,A,At,Erat,Rutrum,Interdum,Lacinia,Pellentesque,Convallis,Mollis,Lectus,Nullam,Ultricies,Suspendisse,Mattis"
"118838248177901_1438005436261169";118838248177901.000;"L'Oréal Paris";"Deepika Padukone looking radiant on her first morning in Cannes, as she soaks up the sun by the French Riviera. #LifeAtCannes";"photo";"https://www.facebook.com/lorealparisindia/photos/a.145773232151069.27999.118838248177901/1438005436261169/?type=3";"https://scontent.xx.fbcdn.net/v/t1.0-9/18485726_1438005436261169_7022318079571086633_n.png?oh=1c4c0dfed8c97a088900392212b72e4e&oe=5B4D515A";"Commodo,Libero,Pellentesque,Aliquam,Ex,Id,Dolor,Nullam,Scelerisque,Tortor,Justo,Ut,Luctus,Imperdiet,Sapien"
"118838248177901_1437111246350588";118838248177901.000;"L'Oréal Paris";"Strike off the final four elements from your #CannesGoldenTicket and let us know if you're the lucky one! #LifeAtCannes

*Terms & Conditions Apply: http://bit.ly/2ppYmcF";"photo";"https://www.facebook.com/lorealparisindia/photos/a.145773232151069.27999.118838248177901/1437111246350588/?type=3";"https://scontent.xx.fbcdn.net/v/t1.0-9/18446629_1437111246350588_3178728526801716798_n.png?oh=a111007dc2ea1b97f4b2f6bfd2ebe09c&oe=5B35F1AD";"Commodo,Enim,Sed,Sapien,Et,Placerat,Sapien,Fringilla,Sit,Hendrerit,Malesuada,Neque,Dignissim,Interdum,Faucibus"
"118838248177901_1437111029683943";118838248177901.000;"L'Oréal Paris";"Surprise! The second phase of elements are here! Are these beauties on your #CannesGoldenTicket? #LifeAtCannes

*Terms & Conditions Apply: http://bit.ly/2ppYmcF";"photo";"https://www.facebook.com/lorealparisindia/photos/a.145773232151069.27999.118838248177901/1437111029683943/?type=3";"https://scontent.xx.fbcdn.net/v/t1.0-9/18447483_1437111029683943_1721910300571348110_n.png?oh=f9530083e44f95e08337fa2d7924fc87&oe=5B30FC8A";"Risus,Blandit,Nullam,Interdum,Mi,Ut,Suspendisse,Imperdiet,Nec,Nulla,Ut,Mattis,Ante,Consectetur,Nec"
"118838248177901_1437110533017326";118838248177901.000;"L'Oréal Paris";"Ready for the reveal? It's time for our 1st phase of elements! Are you one of the lucky ones to have these on your Golden Ticket? #CannesGoldenTicket #LifeAtCannes 

*Terms & Conditions Apply: http://bit.ly/2ppYmcF";"photo";"https://www.facebook.com/lorealparisindia/photos/a.145773232151069.27999.118838248177901/1437110533017326/?type=3";"https://scontent.xx.fbcdn.net/v/t1.0-9/18485604_1437110533017326_2642816770663897852_n.png?oh=2a39b8917856cbb0861797622ec84f5a&oe=5B38CBE8";"Dictum,Ornare,Lectus,Amet,Rutrum,Tellus,Phasellus,Sed,Metus,Nisi,Tellus,Eget,Morbi,Cras,Nunc"
"118838248177901_1436464399748606";118838248177901.000;"L'Oréal Paris";"NA";"photo";"https://www.facebook.com/lifestylestores/photos/a.357098465217.195793.318503670217/10155086972510218/?type=3";"https://scontent.xx.fbcdn.net/v/t31.0-8/18422825_10155086972510218_5279443216432902440_o.jpg?oh=703fe45bbaf9db0a2cab33813b98d89d&oe=5B403226";"Non,Varius,Scelerisque,Condimentum,Ut,Amet,Suscipit,Amet,Nisl,Aliquet,Amet,Donec,Phasellus,Non,Sed"
"118838248177901_1435453493183030";118838248177901.000;"L'Oréal Paris";"Here's to the one that makes it all worth it. #HappyMothersDay ❤";"photo";"https://www.facebook.com/lorealparisindia/photos/a.145773232151069.27999.118838248177901/1435453493183030/?type=3";"https://scontent.xx.fbcdn.net/v/t1.0-9/18425181_1435453493183030_7680579344545609653_n.jpg?oh=1246de2c64b8496417ff33b4527afa31&oe=5B31207D";"Sapien,Augue,Molestie,Nec,Id,Eros,Urna,Enim,Egestas,Semper,Nec,Posuere,Nam,Molestie,Imperdiet"
"118838248177901_1429729080422138";118838248177901.000;"L'Oréal Paris";"#ContestAlert: - Get a Chance to win Deepika Padukone’s Gorgeous dress and Experience #LifeAtCannes! 

Enter your email address here and get your Golden Ticket now - http://bit.ly/2pVMcLw

Hurry!

*Terms & Conditions Apply: http://bit.ly/2ppYmcF";"photo";"https://www.facebook.com/lorealparisindia/photos/a.145773232151069.27999.118838248177901/1429729080422138/?type=3";"https://scontent.xx.fbcdn.net/v/t1.0-9/18301268_1429729080422138_863947101319854566_n.png?oh=2ce16514511aeb4743a8fcdf290161f2&oe=5B0637CD";"A,Consectetur,Pulvinar,At,Turpis,Finibus,Non,At,Nulla,Pulvinar,Non,Metus,Cursus,Maecenas,Maecenas"
"118838248177901_1425792064149173";118838248177901.000;"L'Oréal Paris";"Congratulations Surabhi! Welcome to L’Oreal Paris’ inner circle –  L’Amies! Follow Surabhi on Little Reviews for updates from L’Oreal Paris!";"photo";"https://www.facebook.com/lorealparisindia/photos/a.145773232151069.27999.118838248177901/1425792064149173/?type=3";"https://scontent.xx.fbcdn.net/v/t1.0-9/18198624_1425792064149173_775098973950635016_n.png?oh=1dfb6783ea6a8aeba9c733db30989c7d&oe=5B01ACBE";"Vel,Suscipit,Justo,Erat,Et,Aliquam,Nibh,Posuere,Enim,Molestie,Feugiat,Consectetur,Nulla,Nec,Dui"
"118838248177901_1411956778866035";118838248177901.000;"L'Oréal Paris";"The most intense colours. The most comfortable mattes. #GetYourMagique in 12 matte shades at Rs. 650 only - http://bit.ly/2p2JUts";"photo";"https://www.facebook.com/lorealparisindia/photos/a.145773232151069.27999.118838248177901/1411956778866035/?type=3";"https://scontent.xx.fbcdn.net/v/t1.0-9/18011161_1411956778866035_4137000311334494750_n.png?oh=cbd6865232a58c26dff93e8f88168cdf&oe=5B3F7CC1";"Fringilla,Praesent,Integer,Augue,Nulla,Suspendisse,Metus,Iaculis,Amet,Pellentesque,Donec,Condimentum,Dui,Sollicitudin,Nec"
"118838248177901_1387371797991200";118838248177901.000;"L'Oréal Paris";"Want to get entry into a one of a kind official inner circle?

Participate in this simple contest and you could get a chance to be a blogger with exclusive L'Oréal Paris access!

Calling out to all beauty addicts who think and breathe makeup! Send us a message or comment below with the link to your Blog / Social Media Platforms and tell us why you love L'Oréal Paris in one line.

WHY IS THIS BIG?

- Priority access to all of our launches 
- Curated hampers of your favourite products 
- Invites to all of the press conferences and brand events in India 
- Your content, curated and promoted on our pages

The world of beauty awaits you!";"photo";"https://www.facebook.com/lorealparisindia/photos/a.145773232151069.27999.118838248177901/1387371797991200/?type=3";"https://scontent.xx.fbcdn.net/v/t1.0-9/17553942_1387371797991200_3906856535199840272_n.png?oh=ef04fb35d180fc1b702d3b41e0ef0b09&oe=5B33B6B3";"Vel,Porttitor,Sit,Varius,Metus,Quis,Lectus,Posuere,Facilisi,Tempor,Ipsum,A,Dolor,Rutrum,Dui"
"118838248177901_1380885631973150";118838248177901.000;"L'Oréal Paris";"We are delighted to announce Deepika Padukone as the new spokesperson for L'Oréal Paris. Join us in welcoming her to the family!";"photo";"https://www.facebook.com/lorealparisindia/photos/a.145773232151069.27999.118838248177901/1380885631973150/?type=3";"https://scontent.xx.fbcdn.net/v/t31.0-8/17505200_1380885631973150_710536301915759524_o.jpg?oh=eaee63fd39fb284c5ccfbfaba4bc670a&oe=5B3C8F10";"Donec,Molestie,Volutpat,Finibus,Dignissim,Sed,Ipsum,Non,Pellentesque,Libero,Pulvinar,Vel,Ut,Faucibus,Nibh"
