id;story;Intentionality;InTy_count_MedianeMobile;Bicile_moving_InTy_Flag
"118838248177901_1694489930612717";;463.000;225.000;1
"118838248177901_1567196353342076";"L'Oréal Paris updated their cover photo.";573.000;914.500;0
"118838248177901_1510876215640757";"L'Oréal Paris is with Sona Khan and 2 others.";1624.000;923.500;1
"118838248177901_1508629732532072";;116.000;942.000;0
"118838248177901_1502801736448205";"L'Oréal Paris is with Dear Crush. I'm Still Waiting and Amazon India.";584.000;1097.000;0
"118838248177901_1502694643125581";"L'Oréal Paris is with Amazon India and 2 others.";1245.000;1097.000;1
"118838248177901_1502600633134982";"L'Oréal Paris is with Amazon India and Arun Trivedi.";451.000;1097.000;0
"118838248177901_1499858076742571";;5927.000;1019.500;1
"118838248177901_1474638195931226";"L'Oréal Paris updated their cover photo.";284.000;1112.000;0
"118838248177901_1444828065578906";"L'Oréal Paris is with M Shah Rukh and 4 others.";800.000;1190.500;0
"118838248177901_1443384529056593";"L'Oréal Paris is with Shuaib Khan and 2 others.";2417.000;1112.000;1
"118838248177901_1442796572448722";"L'Oréal Paris is with Shuaib Khan and 3 others.";2858.000;1222.000;1
"118838248177901_1442780162450363";"L'Oréal Paris is with Shuaib Khan and 4 others.";8592.000;1222.000;1
"118838248177901_1442742699120776";"L'Oréal Paris is with Shuaib Khan and 2 others.";905.000;1222.000;0
"118838248177901_1442741209120925";"L'Oréal Paris is with Shuaib Khan and Sanyam Raj.";456.000;1222.000;0
"118838248177901_1442688235792889";"L'Oréal Paris is with Shuaib Khan and 7 others.";3490.000;1222.000;1
"118838248177901_1442632785798434";"L'Oréal Paris is with Sanyam Raj and Harsimran Singh.";473.000;1222.000;0
"118838248177901_1442547792473600";"L'Oréal Paris is with Harsimran Singh and Sanyam Raj.";351.000;1222.000;0
"118838248177901_1442463955815317";"L'Oréal Paris is with Shuaib Khan and 2 others.";1112.000;1222.000;0
"118838248177901_1442461622482217";"L'Oréal Paris is with Shuaib Khan and 2 others.";1269.000;1222.000;1
"118838248177901_1441850119210034";"L'Oréal Paris is with Sanyam Raj and Harsimran Singh.";2159.000;942.000;1
"118838248177901_1441838499211196";"L'Oréal Paris is with Sanyam Raj and Harsimran Singh.";1347.000;942.000;1
"118838248177901_1441836932544686";"L'Oréal Paris is with Sanyam Raj and Harsimran Singh.";5175.000;942.000;1
"118838248177901_1441785562549823";"L'Oréal Paris is with Sahil Shaikh and 5 others.";2520.000;942.000;1
"118838248177901_1441766329218413";"L'Oréal Paris is with Shuaib Khan and 3 others.";487.000;942.000;0
"118838248177901_1441754359219610";"L'Oréal Paris is with Shuaib Khan and 2 others.";5020.000;942.000;1
"118838248177901_1441725755889137";"L'Oréal Paris is with Shuaib Khan and 3 others.";539.000;942.000;0
"118838248177901_1441631275898585";"L'Oréal Paris is with Shuaib Khan and 4 others.";1423.000;942.000;1
"118838248177901_1441611802567199";"L'Oréal Paris is with Shuaib Khan and 4 others.";593.000;942.000;0
"118838248177901_1440905149304531";"L'Oréal Paris is with Harsimran Singh and Sanyam Raj.";7683.000;771.000;1
"118838248177901_1440904295971283";"L'Oréal Paris is with Harsimran Singh and 2 others.";8684.000;771.000;1
"118838248177901_1440744629320583";"L'Oréal Paris is with Harsimran Singh and Sanyam Raj.";1097.000;771.000;1
"118838248177901_1440644792663900";"L'Oréal Paris is with Harsimran Singh and 3 others.";2949.000;771.000;1
"118838248177901_1440637835997929";"L'Oréal Paris is with Harsimran Singh and 3 others.";4056.000;771.000;1
"118838248177901_1439974542730925";"L'Oréal Paris is with Sanyam Raj and Ashok Kumaar.";576.000;771.000;0
"118838248177901_1440065822721797";"L'Oréal Paris is with Harsimran Singh and 7 others.";41306.000;632.000;1
"118838248177901_1440052552723124";"L'Oréal Paris is with Maneesh Gupta Mkg and Sanyam Raj.";13448.000;632.000;1
"118838248177901_1440037716057941";"L'Oréal Paris updated their status.";84.000;632.000;0
"118838248177901_1439972809397765";"L'Oréal Paris is with Sanyam Raj and Arun Trivedi.";453.000;632.000;0
"118838248177901_1439968822731497";"L'Oréal Paris is with Sanyam Raj and Arun Trivedi.";474.000;632.000;0
"118838248177901_1439968182731561";"L'Oréal Paris is with Sanyam Raj and Arun Trivedi.";398.000;632.000;0
"118838248177901_1439927022735677";"L'Oréal Paris is with Sanyam Raj and 2 others.";2534.000;632.000;1
"118838248177901_1439918966069816";"L'Oréal Paris is with Sanyam Raj and Arun Trivedi.";771.000;632.000;1
"118838248177901_1439879142740465";"L'Oréal Paris is with Sanyam Raj and 2 others.";2889.000;632.000;1
"118838248177901_1439823866079326";"L'Oréal Paris is with Sanyam Raj and 2 others.";5307.000;632.000;1
"118838248177901_1439823419412704";"L'Oréal Paris is with Sanyam Raj and 2 others.";3026.000;632.000;1
"118838248177901_1439694792758900";"L'Oréal Paris is with Shuaib Khan and 3 others.";2073.000;632.000;1
"118838248177901_1439208239474222";"L'Oréal Paris is with Shuaib Khan and 2 others.";3194.000;527.000;1
"118838248177901_1438989909496055";"L'Oréal Paris is with Shuaib Khan and 3 others.";3501.000;527.000;1
"118838248177901_1438917169503329";"L'Oréal Paris is with Harsimran Singh and Ashok Kumaar.";227.000;527.000;0
"118838248177901_1438887266172986";"L'Oréal Paris is with Harsimran Singh and Sahil Shaikh.";1845.000;527.000;1
"118838248177901_1438885389506507";"L'Oréal Paris is with Harsimran Singh and 2 others.";635.000;527.000;1
"118838248177901_1438882439506802";"L'Oréal Paris is with Shuaib Khan and 2 others.";1508.000;527.000;1
"118838248177901_1438873649507681";"L'Oréal Paris is with Shuaib Khan and 2 others.";1951.000;527.000;1
"118838248177901_1438871712841208";"L'Oréal Paris is with Harsimran Singh and 2 others.";4045.000;527.000;1
"118838248177901_1438867866174926";"L'Oréal Paris is with Harsimran Singh and Sahil Shaikh.";942.000;527.000;1
"118838248177901_1438867659508280";;48.000;527.000;0
"118838248177901_1438867656174947";;38.000;527.000;0
"118838248177901_1438352489559797";"L'Oréal Paris is with Shuaib Khan and 6 others.";1576.000;461.500;1
"118838248177901_1438333342895045";"L'Oréal Paris is with Shuaib Khan and 4 others.";551.000;461.500;1
"118838248177901_1438332869561759";"L'Oréal Paris is with Shuaib Khan and 5 others.";333.000;461.500;0
"118838248177901_1438332309561815";"L'Oréal Paris is with Shuaib Khan and 6 others.";632.000;461.500;1
"118838248177901_1438331052895274";"L'Oréal Paris is with Harsimran Singh and 4 others.";174.000;461.500;0
"118838248177901_1438286506233062";"L'Oréal Paris is with <U+09B0><U+09BF><U+09AF><U+09BC><U+09BE> <U+09B0><U+09BE><U+09AF><U+09BC> and 4 others.";864.000;461.500;1
"118838248177901_1438052469589799";"L'Oréal Paris is with Shuaib Khan and 2 others.";405.000;461.500;0
"118838248177901_1438005436261169";"L'Oréal Paris is with Shuaib Khan and 2 others.";503.000;461.500;1
"118838248177901_1437111246350588";"L'Oréal Paris is with Sahil Shaikh and Vipul Malge.";354.000;6619.000;0
"118838248177901_1437111029683943";"L'Oréal Paris is with Sahil Shaikh and Vipul Malge.";263.000;6619.000;0
"118838248177901_1437110533017326";"L'Oréal Paris is with Vipul Malge.";320.000;6619.000;0
"118838248177901_1436464399748606";"L'Oréal Paris shared Lifestyle Stores's photo.";180.000;24223.500;0
"118838248177901_1435453493183030";"L'Oréal Paris is with Sahil Shaikh and 5 others.";569.000;41828.000;0
"118838248177901_1429729080422138";"L'Oréal Paris is with Shuaib Khan and 6 others.";6619.000;42260.000;0
"118838248177901_1425792064149173";"L'Oréal Paris is with Sahil Shaikh and 2 others.";219.000;42692.000;0
"118838248177901_1411956778866035";"L'Oréal Paris is with Shivani Kulkarni and 11 others.";41828.000;58462.500;0
"118838248177901_1387371797991200";"L'Oréal Paris is with Sahil Shaikh and 4 others.";42692.000;74233.000;0
