edifixio/1;POSTRECOMMANDATIONS;Executing modeler script;2018-09-06 06:35:26.565;2018-09-06 06:35:29.627;00:03.062
edifixio/1;POSTRECOMMENDATION;Reading log files;2018-09-06 06:35:29.799;2018-09-06 06:35:29.830;00:00.031
edifixio/1;POSTRECOMMANDATION;Uploading log files to S3;2018-09-06 06:35:29.830;2018-09-06 06:35:33.627;00:03.797
edifixio/1;POSTRECOMMENDATION;Uploading output files to S3;2018-09-06 06:35:33.627;2018-09-06 06:35:34.393;00:00.766
edifixio/1;POSTRECOMMENDATION;Updating Database;2018-09-06 06:35:34.393;2018-09-06 06:35:34.627;00:00.234
