edifixio/1;MODELGENERATION;Downloading files from S3;2018-09-04 10:46:20.416;2018-09-04 10:46:24.385;00:03.969
edifixio/1;MODELGENERATIONS;Executing modeler script;2018-09-04 10:46:24.385;2018-09-04 10:48:47.272;02:22.887
edifixio/1;MODELPARAMETERSEXTRACTIONS;Executing modeler script;2018-09-04 10:48:47.272;2018-09-04 10:49:13.303;00:26.031
edifixio/1;MODELPARAMETERSEXTRACTION;Reading Model Parameter Extraction log files;2018-09-04 10:49:13.303;2018-09-04 10:49:13.303;00:00.000
edifixio/1;MODELPARAMETERSEXTRACTION;Uploading log files to S3;2018-09-04 10:49:13.303;2018-09-04 10:49:14.475;00:01.172
edifixio/1;MODELGENERATION;Reading log files;2018-09-04 10:49:14.475;2018-09-04 10:49:14.475;00:00.000
edifixio/1;MODELGENERATION;Uploading log files to S3;2018-09-04 10:49:14.475;2018-09-04 10:49:16.834;00:02.359
edifixio/1;MODELGENERATION;Uploading output files to S3;2018-09-04 10:49:16.834;2018-09-04 10:49:25.787;00:08.953
edifixio/1;MODELGENERATION;Updating Database;2018-09-04 10:49:25.787;2018-09-04 10:49:25.865;00:00.078
